Marketplace,Invoice Number,Invoice Date,Client Name,GSTN,Period,FY,Nature,Transaction Type,Destination,HSN Code,Qty,Taxable Amount,Rate,IGST,CGST,SGST,Invoice Amount,TCS
Amazon,IN-1,21-02-22,NA,NA,Feb,2021-22,B2C,Sale,KARNATAKA,NA,1,253,18, -   ,22.81,22.81,299.00,2.53
Amazon,IN-2,23-02-22,NA,NA,Feb,2021-22,B2C,Sale,HIMACHAL PRADESH,NA,1,253,18,45.61, -   , -   ,299.00,2.53
Meesho,NA,17-02-22,NA,NA,Feb,2021-22,B2C,Sale,UTTAR PRADESH,NA,1,423,12,50.79, -   , -   ,474.00,4.23
Meesho,NA,28-02-22,NA,NA,Feb,2021-22,B2C,Sale,PUNJAB,NA,1,161,12,19.29, -   , -   ,180.00,1.61
Meesho,NA,26-02-22,NA,NA,Feb,2021-22,B2C,Sale,UTTAR PRADESH,NA,1,161,12,19.29, -   , -   ,180.00,1.61
Meesho,NA,27-02-22,NA,NA,Feb,2021-22,B2C,Sale,KARNATAKA,NA,1,417,12, -   ,25.02,25.02,467.00,4.17
Meesho,NA,24-02-22,NA,NA,Feb,2021-22,B2C,Sale,KERALA,NA,1,161,12,19.29, -   , -   ,180.00,1.61
Meesho,NA,23-02-22,NA,NA,Feb,2021-22,B2C,Sale,TELANGANA,NA,1,423,12,50.79, -   , -   ,474.00,4.23
Meesho,NA,18-02-22,NA,NA,Feb,2021-22,B2C,Sale,ASSAM,NA,2,846,12,101.57, -   , -   ,948.00,8.46
Meesho,NA,27-02-22,NA,NA,Feb,2021-22,B2C,Sale,TELANGANA,NA,1,161,12,19.29, -   , -   ,180.00,1.61
Meesho,NA,27-02-22,NA,NA,Feb,2021-22,B2C,Sale,ODISHA,NA,1,417,12,50.04, -   , -   ,467.00,4.17
Meesho,NA,27-02-22,NA,NA,Feb,2021-22,B2C,Sale,TELANGANA,NA,1,161,12,19.29, -   , -   ,180.00,1.61
Meesho,NA,22-02-22,NA,NA,Feb,2021-22,B2C,Sale,BIHAR,NA,1,161,12,19.29, -   , -   ,180.00,1.61
Meesho,NA,28-02-22,NA,NA,Feb,2021-22,B2C,Sale,DELHI,NA,1,417,12,50.04, -   , -   ,467.00,4.17
Meesho,NA,14-02-22,NA,NA,Feb,2021-22,B2C,Sale,TELANGANA,NA,1,423,12,50.79, -   , -   ,474.00,4.23
Meesho,NA,25-02-22,NA,NA,Feb,2021-22,B2C,Sale,BIHAR,NA,1,161,12,19.29, -   , -   ,180.00,1.61
Meesho,NA,16-02-22,NA,NA,Feb,2021-22,B2C,Sale,RAJASTHAN,NA,1,423,12,50.79, -   , -   ,474.00,4.23
Meesho,NA,26-02-22,NA,NA,Feb,2021-22,B2C,Sale,UTTAR PRADESH,NA,1,417,12,50.04, -   , -   ,467.00,4.17
Meesho,NA,25-02-22,NA,NA,Feb,2021-22,B2C,Sale,JHARKHAND,NA,1,161,12,19.29, -   , -   ,180.00,1.61
Meesho,NA,27-02-22,NA,NA,Feb,2021-22,B2C,Sale,PUNJAB,NA,1,417,12,50.04, -   , -   ,467.00,4.17
Meesho,NA,25-02-22,NA,NA,Feb,2021-22,B2C,Sale,ASSAM,NA,1,410,12,49.18, -   , -   ,459.00,4.1
Meesho,NA,10-03-22,NA,NA,March,2021-22,B2C,Sale,TELANGANA,NA,1,178,12,21.32, -   , -   ,199.00,1.78
Meesho,NA,10-03-22,NA,NA,March,2021-22,B2C,Sale,TELANGANA,NA,1,421,12,50.46, -   , -   ,471.00,4.21
Meesho,NA,13-03-22,NA,NA,March,2021-22,B2C,Sale,MAHARASHTRA,NA,1,421,12,50.46, -   , -   ,471.00,4.21
Meesho,NA,22-03-22,NA,NA,March,2021-22,B2C,Sale,TELANGANA,NA,1,421,12,50.46, -   , -   ,471.00,4.21
Meesho,NA,17-03-22,NA,NA,March,2021-22,B2C,Sale,MEGHALAYA,NA,1,171,12,20.46, -   , -   ,191.00,1.71
Meesho,NA,16-03-22,NA,NA,March,2021-22,B2C,Sale,WEST BENGAL,NA,1,161,12,19.29, -   , -   ,180.00,1.61
Meesho,NA,05-03-22,NA,NA,March,2021-22,B2C,Sale,GUJARAT,NA,1,417,12,50.04, -   , -   ,467.00,4.17
Meesho,NA,23-03-22,NA,NA,March,2021-22,B2C,Sale,TAMIL NADU,NA,1,421,12,50.46, -   , -   ,471.00,4.21
Meesho,NA,19-03-22,NA,NA,March,2021-22,B2C,Sale,ODISHA,NA,1,421,12,50.46, -   , -   ,471.00,4.21
Meesho,NA,28-03-22,NA,NA,March,2021-22,B2C,Sale,PUNJAB,NA,1,421,12,50.46, -   , -   ,471.00,4.21
Meesho,NA,16-03-22,NA,NA,March,2021-22,B2C,Sale,TAMIL NADU,NA,1,161,12,19.29, -   , -   ,180.00,1.61
Meesho,NA,14-03-22,NA,NA,March,2021-22,B2C,Sale,HIMACHAL PRADESH,NA,1,421,12,50.46, -   , -   ,471.00,4.21
Meesho,NA,30-03-22,NA,NA,March,2021-22,B2C,Sale,UTTAR PRADESH,NA,1,421,12,50.46, -   , -   ,471.00,4.21
Meesho,NA,01-03-22,NA,NA,March,2021-22,B2C,Sale,MADHYA PRADESH,NA,1,161,12,19.29, -   , -   ,180.00,1.61
Meesho,NA,23-03-22,NA,NA,March,2021-22,B2C,Sale,WEST BENGAL,NA,1,161,12,19.29, -   , -   ,180.00,1.61
Meesho,NA,22-03-22,NA,NA,March,2021-22,B2C,Sale,KARNATAKA,NA,1,421,12, -   ,25.23,25.23,471.00,4.21
Meesho,NA,09-03-22,NA,NA,March,2021-22,B2C,Sale,GUJARAT,NA,1,421,12,50.46, -   , -   ,471.00,4.21
Meesho,NA,11-03-22,NA,NA,March,2021-22,B2C,Sale,TAMIL NADU,NA,1,421,12,50.46, -   , -   ,471.00,4.21
Meesho,NA,21-03-22,NA,NA,March,2021-22,B2C,Sale,TELANGANA,NA,1,421,12,50.46, -   , -   ,471.00,4.21
Meesho,NA,11-03-22,NA,NA,March,2021-22,B2C,Sale,KARNATAKA,NA,1,421,12, -   ,25.23,25.23,471.00,4.21
Meesho,NA,30-03-22,NA,NA,March,2021-22,B2C,Sale,TELANGANA,NA,1,427,12,51.21, -   , -   ,478.00,4.27
Meesho,NA,29-03-22,NA,NA,March,2021-22,B2C,Sale,RAJASTHAN,NA,1,429,12,51.43, -   , -   ,480.00,4.29
Meesho,NA,20-03-22,NA,NA,March,2021-22,B2C,Sale,RAJASTHAN,NA,3,482,12,57.86, -   , -   ,540.00,4.82
Meesho,NA,22-03-22,NA,NA,March,2021-22,B2C,Sale,KARNATAKA,NA,1,178,12, -   ,10.66,10.66,199.00,1.78
Meesho,NA,01-03-22,NA,NA,March,2021-22,B2C,Sale,WEST BENGAL,NA,1,161,12,19.29, -   , -   ,180.00,1.61
Meesho,NA,01-03-22,NA,NA,March,2021-22,B2C,Sale,KERALA,NA,1,161,12,19.29, -   , -   ,180.00,1.61
Meesho,NA,01-03-22,NA,NA,March,2021-22,B2C,Sale,JAMMU AND KASHMIR,NA,1,161,12,19.29, -   , -   ,180.00,1.61
Meesho,NA,09-03-22,NA,NA,March,2021-22,B2C,Sale,ANDHRA PRADESH,NA,1,421,12,50.46, -   , -   ,471.00,4.21
Meesho,NA,30-03-22,NA,NA,March,2021-22,B2C,Sale,MAHARASHTRA,NA,1,421,12,50.46, -   , -   ,471.00,4.21
Meesho,NA,22-03-22,NA,NA,March,2021-22,B2C,Sale,WEST BENGAL,NA,1,161,12,19.29, -   , -   ,180.00,1.61
Meesho,NA,13-03-22,NA,NA,March,2021-22,B2C,Sale,UTTAR PRADESH,NA,1,421,12,50.46, -   , -   ,471.00,4.21
Meesho,NA,28-03-22,NA,NA,March,2021-22,B2C,Sale,MADHYA PRADESH,NA,1,420,12,50.36, -   , -   ,470.00,4.2
Meesho,NA,31-03-22,NA,NA,March,2021-22,B2C,Sale,KARNATAKA,NA,1,427,12, -   ,25.61,25.61,478.00,4.27
Meesho,NA,05-03-22,NA,NA,March,2021-22,B2C,Sale,MAHARASHTRA,NA,1,417,12,50.04, -   , -   ,467.00,4.17
Meesho,NA,04-03-22,NA,NA,March,2021-22,B2C,Sale,JHARKHAND,NA,1,419,12,50.25, -   , -   ,469.00,4.19
Meesho,NA,08-03-22,NA,NA,March,2021-22,B2C,Sale,WEST BENGAL,NA,1,161,12,19.29, -   , -   ,180.00,1.61
Meesho,NA,31-03-22,NA,NA,March,2021-22,B2C,Sale,RAJASTHAN,NA,1,421,12,50.46, -   , -   ,471.00,4.21
Meesho,NA,11-03-22,NA,NA,March,2021-22,B2C,Sale,TELANGANA,NA,1,178,12,21.32, -   , -   ,199.00,1.78
Meesho,NA,15-03-22,NA,NA,March,2021-22,B2C,Sale,KARNATAKA,NA,1,422,12, -   ,25.34,25.34,473.00,4.22
Meesho,NA,23-03-22,NA,NA,March,2021-22,B2C,Sale,UTTAR PRADESH,NA,1,422,12,50.68, -   , -   ,473.00,4.22
Meesho,NA,19-03-22,NA,NA,March,2021-22,B2C,Sale,KARNATAKA,NA,1,421,12, -   ,25.23,25.23,471.00,4.21
Meesho,NA,13-03-22,NA,NA,March,2021-22,B2C,Sale,MANIPUR,NA,1,421,12,50.46, -   , -   ,471.00,4.21
Meesho,NA,03-03-22,NA,NA,March,2021-22,B2C,Sale,DELHI,NA,1,417,12,50.04, -   , -   ,467.00,4.17
Meesho,NA,08-03-22,NA,NA,March,2021-22,B2C,Sale,DELHI,NA,1,421,12,50.46, -   , -   ,471.00,4.21
Meesho,NA,11-03-22,NA,NA,March,2021-22,B2C,Sale,RAJASTHAN,NA,1,422,12,50.68, -   , -   ,473.00,4.22
Meesho,NA,17-03-22,NA,NA,March,2021-22,B2C,Sale,ANDHRA PRADESH,NA,1,421,12,50.46, -   , -   ,471.00,4.21
Meesho,NA,25-03-22,NA,NA,March,2021-22,B2C,Sale,JAMMU AND KASHMIR,NA,1,437,12,52.39, -   , -   ,489.00,4.37
Meesho,NA,03-03-22,NA,NA,March,2021-22,B2C,Sale,DELHI,NA,1,417,12,50.04, -   , -   ,467.00,4.17
Meesho,NA,14-03-22,NA,NA,March,2021-22,B2C,Sale,KARNATAKA,NA,1,161,12, -   ,9.64,9.64,180.00,1.61
Meesho,NA,07-03-22,NA,NA,March,2021-22,B2C,Sale,UTTAR PRADESH,NA,1,419,12,50.25, -   , -   ,469.00,4.19
Meesho,NA,09-03-22,NA,NA,March,2021-22,B2C,Sale,UTTAR PRADESH,NA,1,413,12,49.61, -   , -   ,463.00,4.13
Meesho,NA,05-03-22,NA,NA,March,2021-22,B2C,Sale,KARNATAKA,NA,1,417,12, -   ,25.02,25.02,467.00,4.17
Meesho,NA,30-03-22,NA,NA,March,2021-22,B2C,Sale,WEST BENGAL,NA,1,161,12,19.29, -   , -   ,180.00,1.61
Meesho,NA,01-03-22,NA,NA,March,2021-22,B2C,Sale,TELANGANA,NA,1,161,12,19.29, -   , -   ,180.00,1.61
Meesho,NA,28-03-22,NA,NA,March,2021-22,B2C,Sale,UTTAR PRADESH,NA,1,171,18,30.81, -   , -   ,202.00,1.71
Meesho,NA,03-03-22,NA,NA,March,2021-22,B2C,Sale,PUNJAB,NA,1,417,12,50.04, -   , -   ,467.00,4.17
Meesho,NA,30-03-22,NA,NA,March,2021-22,B2C,Sale,ASSAM,NA,1,438,12,52.61, -   , -   ,491.00,4.38
Meesho,NA,01-03-22,NA,NA,March,2021-22,B2C,Sale,MAHARASHTRA,NA,1,417,12,50.04, -   , -   ,467.00,4.17
Meesho,NA,04-03-22,NA,NA,March,2021-22,B2C,Sale,RAJASTHAN,NA,1,417,12,50.04, -   , -   ,467.00,4.17
Meesho,NA,28-03-22,NA,NA,March,2021-22,B2C,Sale,RAJASTHAN,NA,1,427,12,51.21, -   , -   ,478.00,4.27
Meesho,NA,30-03-22,NA,NA,March,2021-22,B2C,Sale,CHHATTISGARH,NA,1,421,12,50.46, -   , -   ,471.00,4.21
Meesho,NA,01-03-22,NA,NA,March,2021-22,B2C,Sale,WEST BENGAL,NA,1,161,12,19.29, -   , -   ,180.00,1.61
Meesho,NA,27-03-22,NA,NA,March,2021-22,B2C,Sale,MANIPUR,NA,1,422,12,50.68, -   , -   ,473.00,4.22
Meesho,NA,15-03-22,NA,NA,March,2021-22,B2C,Sale,ODISHA,NA,1,170,12,20.36, -   , -   ,190.00,1.7
Meesho,NA,24-03-22,NA,NA,March,2021-22,B2C,Sale,TELANGANA,NA,1,422,12,50.68, -   , -   ,473.00,4.22
Meesho,NA,07-03-22,NA,NA,March,2021-22,B2C,Sale,KARNATAKA,NA,1,417,12, -   ,25.02,25.02,467.00,4.17
Meesho,NA,28-03-22,NA,NA,March,2021-22,B2C,Sale,UTTAR PRADESH,NA,1,421,12,50.46, -   , -   ,471.00,4.21
Meesho,NA,15-03-22,NA,NA,March,2021-22,B2C,Sale,KARNATAKA,NA,1,422,12, -   ,25.34,25.34,473.00,4.22
Meesho,NA,21-03-22,NA,NA,March,2021-22,B2C,Sale,KARNATAKA,NA,1,421,12, -   ,25.23,25.23,471.00,4.21
Meesho,NA,21-03-22,NA,NA,March,2021-22,B2C,Sale,UTTAR PRADESH,NA,1,421,12,50.46, -   , -   ,471.00,4.21
Meesho,NA,09-03-22,NA,NA,March,2021-22,B2C,Sale,MANIPUR,NA,1,430,12,51.64, -   , -   ,482.00,4.3
Meesho,NA,01-03-22,NA,NA,March,2021-22,B2C,Sale,RAJASTHAN,NA,3,482,12,57.86, -   , -   ,540.00,4.82
Meesho,NA,02-03-22,NA,NA,March,2021-22,B2C,Sale,HIMACHAL PRADESH,NA,1,417,12,50.04, -   , -   ,467.00,4.17
Meesho,NA,23-03-22,NA,NA,March,2021-22,B2C,Sale,HIMACHAL PRADESH,NA,1,161,12,19.29, -   , -   ,180.00,1.61
Amazon,IN-3,04-03-22,NA,NA,March,2021-22,B2C,Sale,TAMIL NADU,NA,1,414,18,74.59, -   , -   ,489.00,4.14
Amazon,IN-6,10-03-22,NA,NA,March,2021-22,B2C,Sale,MEGHALAYA,NA,1,414,18,74.59, -   , -   ,489.00,4.14
Amazon,IN-5,10-03-22,NA,NA,March,2021-22,B2C,Sale,UTTARAKHAND,NA,1,169,18,30.36, -   , -   ,199.00,1.69
Amazon,IN-4,09-03-22,NA,NA,March,2021-22,B2C,Sale,MEGHALAYA,NA,1,414,18,74.59, -   , -   ,489.00,4.14
Amazon,IN-8,11-03-22,NA,NA,March,2021-22,B2C,Sale,Uttar pradesh,NA,1,414,18,74.59, -   , -   ,489.00,4.14
Amazon,IN-7,11-03-22,NA,NA,March,2021-22,B2C,Sale,RAJASTHAN,NA,1,414,18,74.59, -   , -   ,489.00,4.14
Amazon,IN-10,12-03-22,NA,NA,March,2021-22,B2C,Sale,TELANGANA,NA,1,414,18,74.59, -   , -   ,489.00,4.14
Amazon,IN-9,11-03-22,NA,NA,March,2021-22,B2C,Sale,TELANGANA,NA,1,414,18,74.59, -   , -   ,489.00,4.14
Amazon,IN-11,13-03-22,NA,NA,March,2021-22,B2C,Sale,KARNATAKA,NA,1,414,18, -   ,37.3,37.3,489.00,4.14
Amazon,IN-12,14-03-22,NA,NA,March,2021-22,B2C,Sale,KERALA,NA,1,414,18,74.59, -   , -   ,489.00,4.14
Amazon,IN-15,15-03-22,NA,NA,March,2021-22,B2C,Sale,KARNATAKA,NA,1,414,18, -   ,37.3,37.3,489.00,4.14
Amazon,IN-13,14-03-22,NA,NA,March,2021-22,B2C,Sale,GUJARAT,NA,1,414,18,74.59, -   , -   ,489.00,4.14
Amazon,IN-14,15-03-22,NA,NA,March,2021-22,B2C,Sale,WEST BENGAL,NA,1,414,18,74.59, -   , -   ,489.00,4.14
Amazon,IN-16,15-03-22,NA,NA,March,2021-22,B2C,Sale,TELANGANA,NA,1,414,18,74.59, -   , -   ,489.00,4.14
Amazon,IN-17,16-03-22,NA,NA,March,2021-22,B2C,Sale,UTTARAKHAND,NA,1,414,18,74.59, -   , -   ,489.00,4.14
Amazon,IN-18,17-03-22,NA,NA,March,2021-22,B2C,Sale,KARNATAKA,NA,1,414,18, -   ,37.3,37.3,489.00,4.14
Amazon,IN-20,22-03-22,NA,NA,March,2021-22,B2C,Sale,GOA,NA,1,448,18,80.69, -   , -   ,529.00,4.48
Amazon,IN-21,24-03-22,NA,NA,March,2021-22,B2C,Sale,DELHI,NA,1,448,18,80.69, -   , -   ,529.00,4.48
Amazon,IN-22,25-03-22,NA,NA,March,2021-22,B2C,Sale,KARNATAKA,NA,1,414,18, -   ,37.3,37.3,489.00,4.14
Meesho,NA,24-04-22,NA,NA,April,2022-23,B2C,Sale,HARYANA,NA,1,423,12,50.8,,,474.01,4.23
Meesho,NA,24-04-22,NA,NA,April,2022-23,B2C,Sale,MADHYA PRADESH,NA,1,423,12,50.8,,,474.01,4.23
Meesho,NA,02-04-22,NA,NA,April,2022-23,B2C,Sale,KERALA,NA,1,161,12,19.3,,,180.01,1.61
Meesho,NA,01-04-22,NA,NA,April,2022-23,B2C,Sale,RAJASTHAN,NA,1,421,12,50.46,,,471.00,4.21
Meesho,NA,12-04-22,NA,NA,April,2022-23,B2C,Sale,HIMACHAL PRADESH,NA,1,438,12,52.62,,,491.01,4.38
Meesho,NA,13-04-22,NA,NA,April,2022-23,B2C,Sale,ASSAM,NA,1,435,12,52.18,,,487.00,4.35
Meesho,NA,04-04-22,NA,NA,April,2022-23,B2C,Sale,TELANGANA,NA,1,421,12,50.46,,,471.00,4.21
Meesho,NA,23-04-22,NA,NA,April,2022-23,B2C,Sale,MADHYA PRADESH,NA,1,184,12,22.08,,,206.01,1.84
Meesho,NA,16-04-22,NA,NA,April,2022-23,B2C,Sale,GUJARAT,NA,1,423,12,50.8,,,474.01,4.23
Meesho,NA,11-04-22,NA,NA,April,2022-23,B2C,Sale,TRIPURA,NA,1,436,12,52.3,,,488.01,4.36
Meesho,NA,17-04-22,NA,NA,April,2022-23,B2C,Sale,RAJASTHAN,NA,1,423,12,50.8,,,474.01,4.23
Meesho,NA,24-04-22,NA,NA,April,2022-23,B2C,Sale,MAHARASHTRA,NA,1,423,12,50.8,,,474.01,4.23
Meesho,NA,11-04-22,NA,NA,April,2022-23,B2C,Sale,RAJASTHAN,NA,1,446,12,53.58,,,500.01,4.46
Meesho,NA,09-04-22,NA,NA,April,2022-23,B2C,Sale,KARNATAKA,NA,1,436,12, -   ,26.15,26.15,488.01,4.36
Meesho,NA,29-04-22,NA,NA,April,2022-23,B2C,Sale,HIMACHAL PRADESH,NA,1,423,12,50.8,,,474.01,4.23
Meesho,NA,07-04-22,NA,NA,April,2022-23,B2C,Sale,MAHARASHTRA,NA,1,446,12,53.58,,,500.01,4.46
Meesho,NA,19-04-22,NA,NA,April,2022-23,B2C,Sale,KERALA,NA,1,423,12,50.8,,,474.01,4.23
Meesho,NA,08-04-22,NA,NA,April,2022-23,B2C,Sale,BIHAR,NA,1,179,12,21.44,,,200.01,1.79
Meesho,NA,04-04-22,NA,NA,April,2022-23,B2C,Sale,TELANGANA,NA,1,427,12,51.22,,,478.01,4.27
Meesho,NA,06-04-22,NA,NA,April,2022-23,B2C,Sale,ASSAM,NA,1,168,12,20.14,,,188.00,1.68
Meesho,NA,01-04-22,NA,NA,April,2022-23,B2C,Sale,RAJASTHAN,NA,1,427,12,51.22,,,478.01,4.27
Meesho,NA,03-04-22,NA,NA,April,2022-23,B2C,Sale,UTTAR PRADESH,NA,1,156,12,18.76,,,175.01,1.56
Meesho,NA,14-04-22,NA,NA,April,2022-23,B2C,Sale,ASSAM,NA,1,433,12,51.96,,,485.00,4.33
Meesho,NA,28-04-22,NA,NA,April,2022-23,B2C,Sale,ANDHRA PRADESH,NA,1,423,12,50.8,,,474.01,4.23
Meesho,NA,27-04-22,NA,NA,April,2022-23,B2C,Sale,MAHARASHTRA,NA,1,423,12,50.8,,,474.01,4.23
Meesho,NA,10-04-22,NA,NA,April,2022-23,B2C,Sale,RAJASTHAN,NA,1,446,12,53.58,,,500.01,4.46
Meesho,NA,10-04-22,NA,NA,April,2022-23,B2C,Sale,TAMIL NADU,NA,1,176,12,21.12,,,197.01,1.76
Meesho,NA,09-04-22,NA,NA,April,2022-23,B2C,Sale,ASSAM,NA,1,436,12,52.3,,,488.01,4.36
Meesho,NA,10-04-22,NA,NA,April,2022-23,B2C,Sale,MEGHALAYA,NA,1,446,12,53.58,,,500.01,4.46
Meesho,NA,10-04-22,NA,NA,April,2022-23,B2C,Sale,ODISHA,NA,1,446,12,53.58,,,500.01,4.46
Meesho,NA,06-04-22,NA,NA,April,2022-23,B2C,Sale,MANIPUR,NA,1,446,12,53.58,,,500.01,4.46
Meesho,NA,13-04-22,NA,NA,April,2022-23,B2C,Sale,MEGHALAYA,NA,1,433,12,51.96,,,485.00,4.33
Meesho,NA,13-04-22,NA,NA,April,2022-23,B2C,Sale,KARNATAKA,NA,1,170,12, -   ,10.18,10.18,190.00,1.7
Meesho,NA,03-04-22,NA,NA,April,2022-23,B2C,Sale,UTTAR PRADESH,NA,1,403,12,48.32,,,451.00,4.03
Meesho,NA,14-04-22,NA,NA,April,2022-23,B2C,Sale,MADHYA PRADESH,NA,1,423,12,50.8,,,474.01,4.23
Meesho,NA,03-04-22,NA,NA,April,2022-23,B2C,Sale,TAMIL NADU,NA,1,156,12,18.76,,,175.01,1.56
Meesho,NA,03-05-22,NA,NA,May,2022-23,B2C,Sale,TAMIL NADU,NA,1,388,12,50.8,,,439.19,3.88
Meesho,NA,18-05-22,NA,NA,May,2022-23,B2C,Sale,CHHATTISGARH,NA,1,420,12,50.36,,,470.00,4.2
Meesho,NA,07-05-22,NA,NA,May,2022-23,B2C,Sale,HIMACHAL PRADESH,NA,1,423,12,50.8,,,474.01,4.23
Meesho,NA,16-05-22,NA,NA,May,2022-23,B2C,Sale,RAJASTHAN,NA,1,423,12,50.8,,,474.01,4.23
Meesho,NA,28-05-22,NA,NA,May,2022-23,B2C,Sale,KARNATAKA,NA,1,412,12, -   ,25.23,25.23,462.96,4.12
Meesho,NA,26-05-22,NA,NA,May,2022-23,B2C,Sale,GUJARAT,NA,1,421,12,50.46,,,471.00,4.21
Meesho,NA,01-05-22,NA,NA,May,2022-23,B2C,Sale,MADHYA PRADESH,NA,1,425,12,51,,,476.00,4.25
Meesho,NA,06-05-22,NA,NA,May,2022-23,B2C,Sale,JAMMU AND KASHMIR,NA,1,406,12,51.96,,,458.21,4.06
Meesho,NA,25-05-22,NA,NA,May,2022-23,B2C,Sale,TELANGANA,NA,1,412,12,50.46,,,462.96,4.12
Meesho,NA,07-05-22,NA,NA,May,2022-23,B2C,Sale,CHHATTISGARH,NA,1,423,12,50.8,,,474.01,4.23
Meesho,NA,27-05-22,NA,NA,May,2022-23,B2C,Sale,ANDHRA PRADESH,NA,1,412,12,50.46,,,462.96,4.12
Meesho,NA,10-05-22,NA,NA,May,2022-23,B2C,Sale,GUJARAT,NA,1,423,12,50.8,,,474.01,4.23
Meesho,NA,20-05-22,NA,NA,May,2022-23,B2C,Sale,TELANGANA,NA,1,171,12,21.44,,,191.98,1.71
Meesho,NA,27-05-22,NA,NA,May,2022-23,B2C,Sale,ODISHA,NA,1,158,12,18.96,,,177.00,1.58
Meesho,NA,29-05-22,NA,NA,May,2022-23,B2C,Sale,RAJASTHAN,NA,1,421,12,50.46,,,471.00,4.21
Meesho,NA,25-05-22,NA,NA,May,2022-23,B2C,Sale,MAHARASHTRA,NA,1,421,12,50.46,,,471.00,4.21
Meesho,NA,15-05-22,NA,NA,May,2022-23,B2C,Sale,KARNATAKA,NA,1,423,12, -   ,25.4,25.4,474.01,4.23
Meesho,NA,19-05-22,NA,NA,May,2022-23,B2C,Sale,JHARKHAND,NA,1,422,12,50.68,,,473.00,4.22
Meesho,NA,02-05-22,NA,NA,May,2022-23,B2C,Sale,PUNJAB,NA,1,423,12,50.8,,,474.01,4.23
Meesho,NA,05-05-22,NA,NA,May,2022-23,B2C,Sale,UTTAR PRADESH,NA,1,423,12,50.8,,,474.01,4.23
Meesho,NA,22-05-22,NA,NA,May,2022-23,B2C,Sale,MAHARASHTRA,NA,1,166,12,19.94,,,186.01,1.66
Meesho,NA,13-05-22,NA,NA,May,2022-23,B2C,Sale,TAMIL NADU,NA,1,415,12,50.8,,,465.98,4.15
Meesho,NA,11-05-22,NA,NA,May,2022-23,B2C,Sale,UTTAR PRADESH,NA,1,423,12,50.8,,,474.01,4.23
Meesho,NA,15-05-22,NA,NA,May,2022-23,B2C,Sale,ASSAM,NA,1,423,12,50.8,,,474.01,4.23
Meesho,NA,18-05-22,NA,NA,May,2022-23,B2C,Sale,MADHYA PRADESH,NA,1,420,12,50.36,,,470.00,4.2
Meesho,NA,22-05-22,NA,NA,May,2022-23,B2C,Sale,ODISHA,NA,1,179,12,21.44,,,200.01,1.79
Meesho,NA,28-05-22,NA,NA,May,2022-23,B2C,Sale,CHHATTISGARH,NA,1,421,12,50.46,,,471.00,4.21
Meesho,NA,26-05-22,NA,NA,May,2022-23,B2C,Sale,SIKKIM,NA,1,169,12,20.26,,,189.01,1.69
Meesho,NA,11-05-22,NA,NA,May,2022-23,B2C,Sale,TAMIL NADU,NA,1,423,12,50.8,,,474.01,4.23
Meesho,NA,23-05-22,NA,NA,May,2022-23,B2C,Sale,GUJARAT,NA,1,421,12,50.46,,,471.00,4.21
Meesho,NA,27-05-22,NA,NA,May,2022-23,B2C,Sale,KARNATAKA,NA,1,412,12, -   ,25.23,25.23,462.96,4.12
Meesho,NA,30-05-22,NA,NA,May,2022-23,B2C,Sale,KERALA,NA,1,166,12,19.94,,,186.01,1.66
Meesho,NA,10-05-22,NA,NA,May,2022-23,B2C,Sale,GUJARAT,NA,1,423,12,50.8,,,474.01,4.23
Meesho,NA,31-05-22,NA,NA,May,2022-23,B2C,Sale,TAMIL NADU,NA,1,421,12,50.46,,,471.00,4.21
Flipkart,NA,10-05-22,NA,NA,May,2022-23,B2C,Sale,Jharkhand,NA,1,438,12,52.5,,,490.00,4.38
Flipkart,NA,28-05-22,NA,NA,May,2022-23,B2C,Sale,West Bengal,NA,1,438,12,52.5,,,490.00,4.38
Meesho,NA,07-06-22,NA,NA,June,2022-23,B2C,Sale,MAHARASHTRA,NA,1,421,12,50.46,,,471.00,4.21
Meesho,NA,05-06-22,NA,NA,June,2022-23,B2C,Sale,MAHARASHTRA,NA,1,379,12,48.32,,,427.78,3.79
Meesho,NA,24-06-22,NA,NA,June,2022-23,B2C,Sale,TELANGANA,NA,1,412,12,50.36,,,461.97,4.12
Meesho,NA,26-06-22,NA,NA,June,2022-23,B2C,Sale,TELANGANA,NA,1,420,12,50.36,,,470.00,4.2
Meesho,NA,20-06-22,NA,NA,June,2022-23,B2C,Sale,TELANGANA,NA,1,420,12,50.36,,,470.00,4.2
Meesho,NA,07-06-22,NA,NA,June,2022-23,B2C,Sale,UTTAR PRADESH,NA,1,422,12,50.68,,,473.00,4.22
Meesho,NA,04-06-22,NA,NA,June,2022-23,B2C,Sale,ASSAM,NA,1,431,12,51.76,,,483.01,4.31
Meesho,NA,03-06-22,NA,NA,June,2022-23,B2C,Sale,GUJARAT,NA,1,421,12,50.46,,,471.00,4.21
Meesho,NA,21-06-22,NA,NA,June,2022-23,B2C,Sale,GUJARAT,NA,1,420,12,50.36,,,470.00,4.2
Meesho,NA,28-06-22,NA,NA,June,2022-23,B2C,Sale,JAMMU AND KASHMIR,NA,1,173,12,31.12,,,204.00,1.73
Meesho,NA,16-06-22,NA,NA,June,2022-23,B2C,Sale,MAHARASHTRA,NA,1,420,12,50.36,,,470.00,4.2
Meesho,NA,18-06-22,NA,NA,June,2022-23,B2C,Sale,KARNATAKA,NA,1,413,12, -   ,25.29,25.29,463.97,4.13
Meesho,NA,03-06-22,NA,NA,June,2022-23,B2C,Sale,TELANGANA,NA,1,421,12,50.46,,,471.00,4.21
Meesho,NA,17-06-22,NA,NA,June,2022-23,B2C,Sale,MAHARASHTRA,NA,1,420,12,50.36,,,470.00,4.2
Meesho,NA,13-06-22,NA,NA,June,2022-23,B2C,Sale,RAJASTHAN,NA,1,420,12,50.36,,,470.00,4.2
Meesho,NA,14-06-22,NA,NA,June,2022-23,B2C,Sale,ANDHRA PRADESH,NA,1,399,12,50.36,,,449.47,3.99
Meesho,NA,20-06-22,NA,NA,June,2022-23,B2C,Sale,TAMIL NADU,NA,1,420,12,50.36,,,470.00,4.2
Meesho,NA,05-06-22,NA,NA,June,2022-23,B2C,Sale,KERALA,NA,1,161,12,19.3,,,180.01,1.61
Flipkart,NA,04-06-22,NA,NA,June,2022-23,B2C,Sale,Maharashtra,NA,1,411,12,49.29, -   , -   ,460.00,4.11
Flipkart,NA,07-06-22,NA,NA,June,2022-23,B2C,Sale,Rajasthan,NA,1,411,12,49.29, -   , -   ,460.00,4.11
Flipkart,NA,08-06-22,NA,NA,June,2022-23,B2C,Sale,Karnataka,NA,1,438,12, -   ,26.25,26.25,490.00,4.38
Flipkart,NA,09-06-22,NA,NA,June,2022-23,B2C,Sale,Karnataka,NA,1,438,12, -   ,26.25,26.25,490.00,4.38
Flipkart,NA,24-06-22,NA,NA,June,2022-23,B2C,Sale,Andhra Pradesh,NA,1,438,12,52.5, -   , -   ,490.00,4.38
Flipkart,NA,26-06-22,NA,NA,June,2022-23,B2C,Sale,Assam,NA,1,415,12,49.82, -   , -   ,465.00,4.15
Flipkart,NA,27-06-22,NA,NA,June,2022-23,B2C,Sale,Maharashtra,NA,1,438,12,52.5, -   , -   ,490.00,4.38
Flipkart,NA,05-06-22,NA,NA,June,2022-23,B2C,Sale,Maharashtra,NA,1,27,12,3.21, -   , -   ,30.00,0.27
Flipkart,NA,07-06-22,NA,NA,June,2022-23,B2C,Sale,Rajasthan,NA,1,27,12,3.21, -   , -   ,30.00,0.27
Flipkart,NA,27-06-22,NA,NA,June,2022-23,B2C,Sale,Assam,NA,1,22,12,2.68, -   , -   ,25.00,0.22
Meesho,NA,30-07-22,NA,NA,July,2022-23,B2C,Sale,MADHYA PRADESH,NA,1,397,12,47.68,,,445.00,3.97
Meesho,NA,03-07-22,NA,NA,July,2022-23,B2C,Sale,HARYANA,NA,1,358,12,42.96,,,401.00,3.58
Meesho,NA,30-06-22,NA,NA,July,2022-23,B2C,Sale,TELANGANA,NA,1,420,12,50.36,,,470.00,4.2
Meesho,NA,24-07-22,NA,NA,July,2022-23,B2C,Sale,UTTAR PRADESH,NA,1,419,12,50.26,,,469.01,4.19
Meesho,NA,05-07-22,NA,NA,July,2022-23,B2C,Sale,KARNATAKA,NA,1,429,12, -   ,25.77,25.77,481.00,4.29
Meesho,NA,06-07-22,NA,NA,July,2022-23,B2C,Sale,UTTAR PRADESH,NA,1,157,12,18.86,,,176.00,1.57
Flipkart,NA,04-07-22,NA,NA,July,2022-23,B2C,Sale,Telangana,NA,1,440,12,52.82, -   , -   ,493.00,4.4
Flipkart,NA,04-07-22,NA,NA,July,2022-23,B2C,Sale,Uttar Pradesh,NA,1,438,12,52.5, -   , -   ,490.00,4.38
Flipkart,NA,06-07-22,NA,NA,July,2022-23,B2C,Sale,Andhra Pradesh,NA,1,438,12,52.5, -   , -   ,490.00,4.38
Flipkart,NA,06-07-22,NA,NA,July,2022-23,B2C,Sale,Karnataka,NA,1,438,12, -   ,26.25,26.25,490.00,4.38
Flipkart,NA,07-07-22,NA,NA,July,2022-23,B2C,Sale,Odisha,NA,1,438,12,52.5, -   , -   ,490.00,4.38
Flipkart,NA,10-07-22,NA,NA,July,2022-23,B2C,Sale,Assam,NA,1,438,12,52.5, -   , -   ,490.00,4.38
Flipkart,NA,14-07-22,NA,NA,July,2022-23,B2C,Sale,Haryana,NA,1,438,12,52.5, -   , -   ,490.00,4.38
Flipkart,NA,14-07-22,NA,NA,July,2022-23,B2C,Sale,Tamil Nadu,NA,1,438,12,52.5, -   , -   ,490.00,4.38
Flipkart,NA,15-07-22,NA,NA,July,2022-23,B2C,Sale,Andhra Pradesh,NA,1,438,12,52.5, -   , -   ,490.00,4.38
Flipkart,NA,20-07-22,NA,NA,July,2022-23,B2C,Sale,Rajasthan,NA,1,438,12,52.5, -   , -   ,490.00,4.38
Flipkart,NA,21-07-22,NA,NA,July,2022-23,B2C,Sale,West Bengal,NA,1,438,12,52.5, -   , -   ,490.00,4.38
Flipkart,NA,23-07-22,NA,NA,July,2022-23,B2C,Sale,Goa,NA,1,438,12,52.5, -   , -   ,490.00,4.38
Flipkart,NA,24-07-22,NA,NA,July,2022-23,B2C,Sale,Delhi,NA,1,438,12,52.5, -   , -   ,490.00,4.38
Flipkart,NA,26-07-22,NA,NA,July,2022-23,B2C,Sale,Tamil Nadu,NA,1,221,12,26.57, -   , -   ,248.00,2.21
Flipkart,NA,29-07-22,NA,NA,July,2022-23,B2C,Sale,Madhya Pradesh,NA,1,221,12,26.57, -   , -   ,248.00,2.21
Flipkart,NA,11-07-22,NA,NA,July,2022-23,B2C,Sale,Bihar,NA,1,438,12,52.5, -   , -   ,490.00,4.38
Meesho,NA,08-08-22,NA,NA,Aug,2022-23,B2C,Sale,MAHARASHTRA,NA,1,167,12,20.04, -   , -   ,187.00,1.67
Meesho,NA,12-08-22,NA,NA,Aug,2022-23,B2C,Sale,MAHARASHTRA,NA,1,387,12,46.4, -   , -   ,433.01,3.87
Meesho,NA,09-08-22,NA,NA,Aug,2022-23,B2C,Sale,MEGHALAYA,NA,1,393,12,47.14, -   , -   ,440.00,3.93
Meesho,NA,11-08-22,NA,NA,Aug,2022-23,B2C,Sale,BIHAR,NA,1,218,18,39.2, -   , -   ,257.00,2.18
Meesho,NA,03-08-22,NA,NA,Aug,2022-23,B2C,Sale,MAHARASHTRA,NA,1,419,12,50.26, -   , -   ,469.01,4.19
Meesho,NA,08-08-22,NA,NA,Aug,2022-23,B2C,Sale,KERALA,NA,1,167,12,20.04, -   , -   ,187.00,1.67
Meesho,NA,04-08-22,NA,NA,Aug,2022-23,B2C,Sale,MADHYA PRADESH,NA,1,419,12,50.26, -   , -   ,469.01,4.19
Meesho,NA,06-08-22,NA,NA,Aug,2022-23,B2C,Sale,ASSAM,NA,1,428,12,51.32, -   , -   ,479.00,4.28
Meesho,NA,03-08-22,NA,NA,Aug,2022-23,B2C,Sale,ANDHRA PRADESH,NA,1,419,12,50.26, -   , -   ,469.01,4.19
Meesho,NA,12-08-22,NA,NA,Aug,2022-23,B2C,Sale,JAMMU AND KASHMIR,NA,1,418,12,50.14, -   , -   ,468.00,4.18
Flipkart,NA,02-08-22,NA,NA,Aug,2022-23,B2C,Sale,Kerala,NA,1,438,12,52.5, -   , -   ,490.00,4.38
Flipkart,NA,07-08-22,NA,NA,Aug,2022-23,B2C,Sale,Karnataka,NA,1,438,12, -   ,26.25,26.25,490.00,4.38
Flipkart,NA,09-08-22,NA,NA,Aug,2022-23,B2C,Sale,Kerala,NA,1,438,12,52.5, -   , -   ,490.00,4.38
Flipkart,NA,13-08-22,NA,NA,Aug,2022-23,B2C,Sale,Bihar,NA,1,438,12,52.5, -   , -   ,490.00,4.38
Flipkart,NA,14-08-22,NA,NA,Aug,2022-23,B2C,Sale,Gujarat,NA,1,438,12,52.5, -   , -   ,490.00,4.38
Flipkart,NA,17-08-22,NA,NA,Aug,2022-23,B2C,Sale,Haryana,NA,1,221,12,26.57, -   , -   ,248.00,2.21
Amazon,IN-6,02-08-22,NA,NA,Aug,2022-23,B2C,Sale,UTTAR PRADESH,NA,1,550,18,99, -   , -   ,649.00,5.5
Amazon,IN-5,02-08-22,NA,NA,Aug,2022-23,B2C,Sale,DELHI,NA,1,550,18,99, -   , -   ,649.00,5.5
Amazon,IN-3,02-08-22,NA,NA,Aug,2022-23,B2C,Sale,GOA,NA,1,550,18,99, -   , -   ,649.00,5.5
Amazon,IN-4,02-08-22,NA,NA,Aug,2022-23,B2C,Sale,GUJARAT,NA,8,"4,400",18,792, -   , -   ,5192.00,44
Amazon,IN-7,07-08-22,NA,NA,Aug,2022-23,B2C,Sale,JHARKHAND,NA,1,313,18,56.29, -   , -   ,369.00,3.13
Amazon,IN-8,08-08-22,NA,NA,Aug,2022-23,B2C,Sale,TAMIL NADU,NA,1,313,18,56.29, -   , -   ,369.00,3.13
Amazon,IN-9,13-08-22,NA,NA,Aug,2022-23,B2C,Sale,RAJASTHAN,NA,1,313,18,56.29, -   , -   ,369.00,3.13
Amazon,IN-10,16-08-22,NA,NA,Aug,2022-23,B2C,Sale,UTTAR PRADESH,NA,1,311,18,55.98, -   , -   ,367.00,3.11
Amazon,IN-11,16-08-22,NA,NA,Aug,2022-23,B2C,Sale,UTTAR PRADESH,NA,1,311,18,55.98, -   , -   ,367.00,3.11
Amazon,IN-12,17-08-22,NA,NA,Aug,2022-23,B2C,Sale,TAMIL NADU,NA,1,423,18,76.12, -   , -   ,499.00,4.23
Amazon,IN-13,28-08-22,NA,NA,Aug,2022-23,B2C,Sale,PUNJAB,NA,1,619,18,111.36, -   , -   ,730.00,6.19
Amazon,IN-15,30-08-22,NA,NA,Aug,2022-23,B2C,Sale,HARYANA,NA,1,619,18,111.36, -   , -   ,730.00,6.19
Amazon,IN-14,30-08-22,NA,NA,Aug,2022-23,B2C,Sale,HIMACHAL PRADESH,NA,1,635,18,114.25, -   , -   ,749.00,6.35
Amazon,IN-16,30-08-22,NA,NA,Aug,2022-23,B2C,Sale,TELANGANA,NA,1,619,18,111.36, -   , -   ,730.00,6.19
Amazon,IN-17,30-08-22,NA,NA,Aug,2022-23,B2C,Sale,UTTAR PRADESH,NA,1,619,18,111.36, -   , -   ,730.00,6.19
Amazon,IN-18,31-08-22,NA,NA,Aug,2022-23,B2C,Sale,MAHARASHTRA,NA,1,635,18,114.25, -   , -   ,749.00,6.35
Meesho,NA,30-09-22,NA,NA,Sept,2022-23,B2C,Sale,ARUNACHAL PRADESH,NA,1,267,12,32.04, -   , -   ,299.00,2.67
Meesho,NA,28-09-22,NA,NA,Sept,2022-23,B2C,Sale,HARYANA,NA,1,240,12,30.54, -   , -   ,270.72,2.4
Amazon,IN-20,02-09-22,NA,NA,Sept,2022-23,B2C,Sale,KARNATAKA,NA,1,635,18, -   ,57.13,57.13,749.00,6.35
Amazon,IN-24,04-09-22,NA,NA,Sept,2022-23,B2C,Sale,DELHI,NA,1,635,18,114.25, -   , -   ,749.00,6.35
Amazon,IN-23,03-09-22,NA,NA,Sept,2022-23,B2C,Sale,KARNATAKA,NA,1,635,18, -   ,57.13,57.13,749.00,6.35
Amazon,IN-25,07-09-22,NA,NA,Sept,2022-23,B2C,Sale,KERALA,NA,1,635,18,114.25, -   , -   ,749.00,6.35
Amazon,IN-26,07-09-22,NA,NA,Sept,2022-23,B2C,Sale,TAMIL NADU,NA,1,635,18,114.25, -   , -   ,749.00,6.35
Amazon,IN-22,03-09-22,NA,NA,Sept,2022-23,B2C,Sale,ANDAMAN & NICOBAR ISLANDS,NA,1,635,18,114.25, -   , -   ,749.00,6.35
Amazon,IN-27,07-09-22,NA,NA,Sept,2022-23,B2C,Sale,MAHARASHTRA,NA,2,"1,270",18,228.5, -   , -   ,1498.00,12.7
Amazon,IN-28,09-09-22,NA,NA,Sept,2022-23,B2C,Sale,GOA,NA,1,635,18,114.25, -   , -   ,749.00,6.35
Amazon,IN-29,10-09-22,NA,NA,Sept,2022-23,B2C,Sale,MAHARASHTRA,NA,1,635,18,114.25, -   , -   ,749.00,6.35
Amazon,IN-31,11-09-22,NA,NA,Sept,2022-23,B2C,Sale,MAHARASHTRA,NA,1,635,18,114.25, -   , -   ,749.00,6.35
Amazon,IN-30,10-09-22,NA,NA,Sept,2022-23,B2C,Sale,RAJASTHAN,NA,1,635,18,114.25, -   , -   ,749.00,6.35
Amazon,IN-32,11-09-22,NA,NA,Sept,2022-23,B2C,Sale,ARUNACHAL PRADESH,NA,1,635,18,114.25, -   , -   ,749.00,6.35
Amazon,IN-33,13-09-22,NA,NA,Sept,2022-23,B2C,Sale,RAJASTHAN,NA,1,619,18,111.36, -   , -   ,730.00,6.19
Amazon,IN-34,13-09-22,NA,NA,Sept,2022-23,B2C,Sale,MAHARASHTRA,NA,1,635,18,114.25, -   , -   ,749.00,6.35
Amazon,IN-35,17-09-22,NA,NA,Sept,2022-23,B2C,Sale,MAHARASHTRA,NA,1,538,18,96.86, -   , -   ,635.00,5.38
Amazon,IN-37,23-09-22,NA,NA,Sept,2022-23,B2C,Sale,UTTAR PRADESH,NA,1,538,18,96.86, -   , -   ,635.00,5.38
Amazon,IN-36,23-09-22,NA,NA,Sept,2022-23,B2C,Sale,MIZORAM,NA,1,538,18,96.86, -   , -   ,635.00,5.38
Amazon,IN-38,24-09-22,NA,NA,Sept,2022-23,B2C,Sale,KARNATAKA,NA,1,677,18, -   ,60.94,60.94,799.00,6.77
Amazon,IN-21,02-09-22,NA,NA,Sept,2022-23,B2B,Sale,RAJASTHAN,NA,1,635,18,114.25, -   , -   ,749.00,6.35
Amazon,BLR8-1,03-10-22,NA,NA,Oct,2022-23,B2C,Sale,TELANGANA,NA,1,211,18,37.98, -   , -   ,249.00,2.11
Amazon,IN-43,02-10-22,NA,NA,Oct,2022-23,B2C,Sale,DELHI,NA,1,253,18,45.61, -   , -   ,299.00,2.53
Amazon,IN-44,02-10-22,NA,NA,Oct,2022-23,B2C,Sale,MAHARASHTRA,NA,1,160,18,28.83, -   , -   ,189.00,1.6
Amazon,IN-47,05-10-22,NA,NA,Oct,2022-23,B2C,Sale,TELANGANA,NA,1,308,18,45.61, -   , -   ,354.08,3.08
Amazon,IN-45,03-10-22,NA,NA,Oct,2022-23,B2C,Sale,MAHARASHTRA,NA,1,165,18,19.83, -   , -   ,185.08,1.65
Amazon,IN-49,06-10-22,NA,NA,Oct,2022-23,B2C,Sale,CHHATTISGARH,NA,1,165,18,19.83, -   , -   ,185.08,1.65
Amazon,IN-46,03-10-22,NA,NA,Oct,2022-23,B2C,Sale,MANIPUR,NA,1,165,18,19.83, -   , -   ,185.08,1.65
Amazon,IN-48,05-10-22,NA,NA,Oct,2022-23,B2C,Sale,MAHARASHTRA,NA,1,258,18,36.61, -   , -   ,295.08,2.58
Amazon,IN-51,08-10-22,NA,NA,Oct,2022-23,B2C,Sale,TELANGANA,NA,1,215,18,28.83, -   , -   ,244.08,2.15
Amazon,IN-50,07-10-22,NA,NA,Oct,2022-23,B2C,Sale,HARYANA,NA,1,308,18,45.61, -   , -   ,354.08,3.08
Amazon,IN-55,09-10-22,NA,NA,Oct,2022-23,B2C,Sale,DELHI,NA,1,308,18,45.61, -   , -   ,354.08,3.08
Amazon,IN-58,10-10-22,NA,NA,Oct,2022-23,B2C,Sale,DELHI,NA,1,253,18,35.69, -   , -   ,289.08,2.53
Amazon,IN-53,09-10-22,NA,NA,Oct,2022-23,B2C,Sale,DELHI,NA,1,258,18,36.61, -   , -   ,295.08,2.58
Amazon,IN-52,09-10-22,NA,NA,Oct,2022-23,B2C,Sale,WEST BENGAL,NA,1,165,18,19.83, -   , -   ,185.08,1.65
Amazon,IN-56,10-10-22,NA,NA,Oct,2022-23,B2C,Sale,KERALA,NA,1,165,18,19.83, -   , -   ,185.08,1.65
Amazon,IN-54,09-10-22,NA,NA,Oct,2022-23,B2C,Sale,MAHARASHTRA,NA,1,165,18,19.83, -   , -   ,185.08,1.65
Amazon,IN-57,10-10-22,NA,NA,Oct,2022-23,B2C,Sale,TAMIL NADU,NA,1,253,18,35.69, -   , -   ,289.08,2.53
Amazon,IN-60,11-10-22,NA,NA,Oct,2022-23,B2C,Sale,TELANGANA,NA,1,165,18,19.83, -   , -   ,185.08,1.65
Amazon,IN-59,11-10-22,NA,NA,Oct,2022-23,B2C,Sale,HIMACHAL PRADESH,NA,1,165,18,19.83, -   , -   ,185.08,1.65
Amazon,IN-61,12-10-22,NA,NA,Oct,2022-23,B2C,Sale,KERALA,NA,1,165,18,19.83, -   , -   ,185.08,1.65
Amazon,IN-62,13-10-22,NA,NA,Oct,2022-23,B2C,Sale,GUJARAT,NA,1,253,18,35.69, -   , -   ,289.08,2.53
Amazon,BLR8-2,16-10-22,NA,NA,Oct,2022-23,B2C,Sale,MAHARASHTRA,NA,8,"1,688",18,303.84, -   , -   ,1992.00,16.88
Amazon,IN-66,16-10-22,NA,NA,Oct,2022-23,B2C,Sale,TELANGANA,NA,1,165,18,19.83, -   , -   ,185.08,1.65
Amazon,IN-67,16-10-22,NA,NA,Oct,2022-23,B2C,Sale,MAHARASHTRA,NA,1,253,18,35.69, -   , -   ,289.08,2.53
Amazon,IN-63,14-10-22,NA,NA,Oct,2022-23,B2C,Sale,GOA,NA,1,165,18,19.83, -   , -   ,185.08,1.65
Amazon,IN-64,14-10-22,NA,NA,Oct,2022-23,B2C,Sale,TELANGANA,NA,1,165,18,19.83, -   , -   ,185.08,1.65
Amazon,IN-65,15-10-22,NA,NA,Oct,2022-23,B2C,Sale,WEST BENGAL,NA,1,253,18,35.69, -   , -   ,289.08,2.53
Amazon,IN-69,17-10-22,NA,NA,Oct,2022-23,B2C,Sale,BIHAR,NA,1,308,18,45.61, -   , -   ,354.08,3.08
Amazon,IN-68,17-10-22,NA,NA,Oct,2022-23,B2C,Sale,MAHARASHTRA,NA,1,165,18,19.83, -   , -   ,185.08,1.65
Amazon,IN-70,18-10-22,NA,NA,Oct,2022-23,B2C,Sale,DELHI,NA,1,253,18,35.69, -   , -   ,289.08,2.53
Amazon,IN-73,19-10-22,NA,NA,Oct,2022-23,B2C,Sale,DELHI,NA,1,308,18,45.61, -   , -   ,354.08,3.08
Amazon,IN-74,19-10-22,NA,NA,Oct,2022-23,B2C,Sale,MAHARASHTRA,NA,1,253,18,35.69, -   , -   ,289.08,2.53
Amazon,IN-78,20-10-22,NA,NA,Oct,2022-23,B2C,Sale,DELHI,NA,1,253,18,35.69, -   , -   ,289.08,2.53
Amazon,IN-72,19-10-22,NA,NA,Oct,2022-23,B2C,Sale,KERALA,NA,1,165,18,19.83, -   , -   ,185.08,1.65
Amazon,IN-80,20-10-22,NA,NA,Oct,2022-23,B2C,Sale,MAHARASHTRA,NA,1,253,18,35.69, -   , -   ,289.08,2.53
Amazon,IN-81,20-10-22,NA,NA,Oct,2022-23,B2C,Sale,KARNATAKA,NA,1,253,18, -   ,17.85,17.85,289.08,2.53
Amazon,IN-76,20-10-22,NA,NA,Oct,2022-23,B2C,Sale,TELANGANA,NA,1,253,18,35.69, -   , -   ,289.08,2.53
Amazon,IN-77,20-10-22,NA,NA,Oct,2022-23,B2C,Sale,MAHARASHTRA,NA,1,253,18,35.69, -   , -   ,289.08,2.53
Amazon,IN-86,21-10-22,NA,NA,Oct,2022-23,B2C,Sale,WEST BENGAL,NA,1,253,18,35.69, -   , -   ,289.08,2.53
Amazon,IN-92,21-10-22,NA,NA,Oct,2022-23,B2C,Sale,TELANGANA,NA,1,253,18,35.69, -   , -   ,289.08,2.53
Amazon,IN-88,21-10-22,NA,NA,Oct,2022-23,B2C,Sale,DELHI,NA,1,253,18,35.69, -   , -   ,289.08,2.53
Amazon,IN-89,21-10-22,NA,NA,Oct,2022-23,B2C,Sale,PUNJAB,NA,1,253,18,35.69, -   , -   ,289.08,2.53
Amazon,IN-87,21-10-22,NA,NA,Oct,2022-23,B2C,Sale,MAHARASHTRA,NA,1,253,18,35.69, -   , -   ,289.08,2.53
Amazon,IN-84,21-10-22,NA,NA,Oct,2022-23,B2C,Sale,RAJASTHAN,NA,1,253,18,35.69, -   , -   ,289.08,2.53
Amazon,IN-91,21-10-22,NA,NA,Oct,2022-23,B2C,Sale,HARYANA,NA,1,253,18,35.69, -   , -   ,289.08,2.53
Amazon,IN-85,21-10-22,NA,NA,Oct,2022-23,B2C,Sale,KARNATAKA,NA,1,253,18, -   ,17.85,17.85,289.08,2.53
Amazon,IN-75,20-10-22,NA,NA,Oct,2022-23,B2C,Sale,HIMACHAL PRADESH,NA,1,224,18,30.36, -   , -   ,254.08,2.24
Amazon,IN-79,20-10-22,NA,NA,Oct,2022-23,B2C,Sale,BIHAR,NA,1,253,18,35.69, -   , -   ,289.08,2.53
Amazon,IN-82,21-10-22,NA,NA,Oct,2022-23,B2C,Sale,WEST BENGAL,NA,1,165,18,19.83, -   , -   ,185.08,1.65
Amazon,IN-99,24-10-22,NA,NA,Oct,2022-23,B2C,Sale,KARNATAKA,NA,1,253,18, -   ,17.85,17.85,289.08,2.53
Amazon,IN-96,22-10-22,NA,NA,Oct,2022-23,B2C,Sale,RAJASTHAN,NA,1,253,18,35.69, -   , -   ,289.08,2.53
Amazon,IN-95,22-10-22,NA,NA,Oct,2022-23,B2C,Sale,MAHARASHTRA,NA,1,253,18,35.69, -   , -   ,289.08,2.53
Amazon,IN-98,23-10-22,NA,NA,Oct,2022-23,B2C,Sale,MAHARASHTRA,NA,1,253,18,35.69, -   , -   ,289.08,2.53
Amazon,IN-93,22-10-22,NA,NA,Oct,2022-23,B2C,Sale,WEST BENGAL,NA,1,253,18,35.69, -   , -   ,289.08,2.53
Amazon,IN-94,22-10-22,NA,NA,Oct,2022-23,B2C,Sale,WEST BENGAL,NA,1,253,18,35.69, -   , -   ,289.08,2.53
Amazon,IN-97,23-10-22,NA,NA,Oct,2022-23,B2C,Sale,KARNATAKA,NA,1,253,18, -   ,17.85,17.85,289.08,2.53
Amazon,IN-90,21-10-22,NA,NA,Oct,2022-23,B2C,Sale,JAMMU AND KASHMIR,NA,1,165,18,19.83, -   , -   ,185.08,1.65
Amazon,IN-102,26-10-22,NA,NA,Oct,2022-23,B2C,Sale,RAJASTHAN,NA,1,308,18,45.61, -   , -   ,354.08,3.08
Amazon,IN-100,24-10-22,NA,NA,Oct,2022-23,B2C,Sale,TELANGANA,NA,1,165,18,19.83, -   , -   ,185.08,1.65
Amazon,IN-101,24-10-22,NA,NA,Oct,2022-23,B2C,Sale,GOA,NA,1,165,18,19.83, -   , -   ,185.08,1.65
Amazon,IN-83,21-10-22,NA,NA,Oct,2022-23,B2C,Sale,JHARKHAND,NA,1,253,18,35.69, -   , -   ,289.08,2.53
Amazon,IN-104,28-10-22,NA,NA,Oct,2022-23,B2C,Sale,KARNATAKA,NA,1,253,18, -   ,17.85,17.85,289.08,2.53
Amazon,IN-107,29-10-22,NA,NA,Oct,2022-23,B2C,Sale,MAHARASHTRA,NA,1,253,18,35.69, -   , -   ,289.08,2.53
Amazon,IN-108,30-10-22,NA,NA,Oct,2022-23,B2C,Sale,TELANGANA,NA,1,253,18,35.69, -   , -   ,289.08,2.53
Amazon,IN-103,28-10-22,NA,NA,Oct,2022-23,B2C,Sale,MADHYA PRADESH,NA,1,191,18,24.41, -   , -   ,215.08,1.91
Amazon,IN-39,30-09-22,NA,NA,Oct,2022-23,B2C,Sale,CHHATTISGARH,NA,1,169,18,30.36, -   , -   ,199.00,1.69
Amazon,IN-40,30-09-22,NA,NA,Oct,2022-23,B2C,Sale,KERALA,NA,1,169,18,30.36, -   , -   ,199.00,1.69
Amazon,IN-41,30-09-22,NA,NA,Oct,2022-23,B2C,Sale,KARNATAKA,NA,1,169,18, -   ,15.18,15.18,199.00,1.69
Amazon,IN-42,30-09-22,NA,NA,Oct,2022-23,B2C,Sale,MAHARASHTRA,NA,1,253,18,45.61, -   , -   ,299.00,2.53
Meesho,NA,11-10-22,NA,NA,Oct,2022-23,B2C,Sale,GUJARAT,NA,1,287,5,14.34,,,301.01,2.87
Meesho,NA,10-10-22,NA,NA,Oct,2022-23,B2C,Sale,KARNATAKA,NA,1,221,5,,5.74,5.74,232.43,2.21
Meesho,NA,19-10-22,NA,NA,Oct,2022-23,B2C,Sale,WEST BENGAL,NA,1,287,5,14.34,,,301.01,2.87
Meesho,NA,22-10-22,NA,NA,Oct,2022-23,B2C,Sale,WEST BENGAL,NA,1,176,5,9.58,,,185.77,1.76
Meesho,NA,16-10-22,NA,NA,Oct,2022-23,B2C,Sale,GUJARAT,NA,1,269,5,14.34,,,282.91,2.69
Meesho,NA,03-10-22,NA,NA,Oct,2022-23,B2C,Sale,TELANGANA,NA,1,230,5,11.48,,,241.00,2.3
Meesho,NA,14-10-22,NA,NA,Oct,2022-23,B2C,Sale,UTTAR PRADESH,NA,1,222,5,11.48,,,233.38,2.22
Meesho,NA,14-10-22,NA,NA,Oct,2022-23,B2C,Sale,WEST BENGAL,NA,1,287,5,14.34,,,301.01,2.87
Meesho,NA,05-10-22,NA,NA,Oct,2022-23,B2C,Sale,TAMIL NADU,NA,1,202,12,24.22,,,226.01,2.02
Meesho,NA,29-10-22,NA,NA,Oct,2022-23,B2C,Sale,ASSAM,NA,1,280,5,14,,,294.00,2.8
Meesho,NA,01-10-22,NA,NA,Oct,2022-23,B2C,Sale,KARNATAKA,NA,1,194,12,,12.11,12.11,217.97,1.94
Meesho,NA,26-10-22,NA,NA,Oct,2022-23,B2C,Sale,WEST BENGAL,NA,1,274,5,13.72,,,288.01,2.74
Meesho,NA,26-10-22,NA,NA,Oct,2022-23,B2C,Sale,KARNATAKA,NA,1,266,5,,6.86,6.86,279.43,2.66
Meesho,NA,18-10-22,NA,NA,Oct,2022-23,B2C,Sale,BIHAR,NA,1,230,5,11.48,,,241.00,2.3
Meesho,NA,26-10-22,NA,NA,Oct,2022-23,B2C,Sale,UTTAR PRADESH,NA,1,274,5,13.72,,,288.01,2.74
Meesho,NA,18-10-22,NA,NA,Oct,2022-23,B2C,Sale,DELHI,NA,1,269,5,14.34,,,282.91,2.69
Meesho,NA,18-10-22,NA,NA,Oct,2022-23,B2C,Sale,KARNATAKA,NA,1,187,5,,4.88,4.88,196.43,1.87
Meesho,NA,20-10-22,NA,NA,Oct,2022-23,B2C,Sale,MADHYA PRADESH,NA,1,270,5,13.48,,,283.00,2.7
Meesho,NA,15-11-22,NA,NA,Nov,2022-23,B2C,Sale,UTTAR PRADESH,NA,1,216,5,10.82, -   , -   ,227.01,2.16
Meesho,NA,21-11-22,NA,NA,Nov,2022-23,B2C,Sale,HARYANA,NA,1,271,5,13.58, -   , -   ,285.01,2.71
Meesho,NA,29-11-22,NA,NA,Nov,2022-23,B2C,Sale,TELANGANA,NA,1,270,5,13.48, -   , -   ,283.00,2.7
Meesho,NA,14-11-22,NA,NA,Nov,2022-23,B2C,Sale,KARNATAKA,NA,1,266,5, -   ,6.86,6.86,279.43,2.66
Meesho,NA,12-11-22,NA,NA,Nov,2022-23,B2C,Sale,RAJASTHAN,NA,1,180,5,9, -   , -   ,189.00,1.8
Meesho,NA,10-11-22,NA,NA,Nov,2022-23,B2C,Sale,KARNATAKA,NA,1,171,5, -   ,4.5,4.5,180.43,1.71
Meesho,NA,19-11-22,NA,NA,Nov,2022-23,B2C,Sale,TRIPURA,NA,1,280,5,14, -   , -   ,294.00,2.8
Meesho,NA,31-10-22,NA,NA,Nov,2022-23,B2C,Sale,JAMMU AND KASHMIR,NA,1,275,5,13.76, -   , -   ,289.00,2.75
Meesho,NA,13-11-22,NA,NA,Nov,2022-23,B2C,Sale,MADHYA PRADESH,NA,1,189,5,9.44, -   , -   ,198.01,1.89
Meesho,NA,11-11-22,NA,NA,Nov,2022-23,B2C,Sale,TAMIL NADU,NA,1,274,5,13.72, -   , -   ,288.01,2.74
Meesho,NA,30-10-22,NA,NA,Nov,2022-23,B2C,Sale,BIHAR,NA,1,191,5,9.58, -   , -   ,201.01,1.91
Meesho,NA,12-11-22,NA,NA,Nov,2022-23,B2C,Sale,KARNATAKA,NA,1,266,5, -   ,6.86,6.86,279.43,2.66
Meesho,NA,27-11-22,NA,NA,Nov,2022-23,B2C,Sale,RAJASTHAN,NA,1,270,5,13.48, -   , -   ,283.00,2.7
Meesho,NA,15-11-22,NA,NA,Nov,2022-23,B2C,Sale,KARNATAKA,NA,1,275,5, -   ,6.88,6.88,289.00,2.75
Meesho,NA,19-11-22,NA,NA,Nov,2022-23,B2C,Sale,KARNATAKA,NA,1,205,5, -   ,5.34,5.34,215.44,2.05
Meesho,NA,06-11-22,NA,NA,Nov,2022-23,B2C,Sale,JHARKHAND,NA,1,191,5,9.58, -   , -   ,201.01,1.91
Meesho,NA,15-11-22,NA,NA,Nov,2022-23,B2C,Sale,RAJASTHAN,NA,1,274,5,13.72, -   , -   ,288.01,2.74
Meesho,NA,06-11-22,NA,NA,Nov,2022-23,B2C,Sale,TELANGANA,NA,1,191,5,9.58, -   , -   ,201.01,1.91
Meesho,NA,12-11-22,NA,NA,Nov,2022-23,B2C,Sale,MAHARASHTRA,NA,1,274,5,13.72, -   , -   ,288.01,2.74
Meesho,NA,10-11-22,NA,NA,Nov,2022-23,B2C,Sale,MADHYA PRADESH,NA,1,191,5,9.58, -   , -   ,201.01,1.91
Meesho,NA,28-11-22,NA,NA,Nov,2022-23,B2C,Sale,ASSAM,NA,1,283,5,14.14, -   , -   ,297.00,2.83
Meesho,NA,01-11-22,NA,NA,Nov,2022-23,B2C,Sale,WEST BENGAL,NA,1,274,5,13.72, -   , -   ,288.01,2.74
Meesho,NA,20-11-22,NA,NA,Nov,2022-23,B2C,Sale,TAMIL NADU,NA,1,141,5,7.82, -   , -   ,148.77,1.41
Meesho,NA,25-11-22,NA,NA,Nov,2022-23,B2C,Sale,MAHARASHTRA,NA,1,201,5,10.06, -   , -   ,211.01,2.01
Meesho,NA,04-11-22,NA,NA,Nov,2022-23,B2C,Sale,UTTAR PRADESH,NA,1,191,5,9.58, -   , -   ,201.01,1.91
Meesho,NA,09-11-22,NA,NA,Nov,2022-23,B2C,Sale,MAHARASHTRA,NA,1,189,5,9.44, -   , -   ,198.01,1.89
Meesho,NA,19-11-22,NA,NA,Nov,2022-23,B2C,Sale,MAHARASHTRA,NA,1,271,5,13.58, -   , -   ,285.01,2.71
Meesho,NA,27-11-22,NA,NA,Nov,2022-23,B2C,Sale,PUNJAB,NA,1,270,5,13.48, -   , -   ,283.00,2.7
Meesho,NA,20-11-22,NA,NA,Nov,2022-23,B2C,Sale,UTTAR PRADESH,NA,1,201,5,10.06, -   , -   ,211.01,2.01
Meesho,NA,01-11-22,NA,NA,Nov,2022-23,B2C,Sale,KARNATAKA,NA,1,266,5, -   ,6.86,6.86,279.43,2.66
Meesho,NA,25-11-22,NA,NA,Nov,2022-23,B2C,Sale,TELANGANA,NA,1,136,5,7.24, -   , -   ,143.43,1.36
Meesho,NA,10-11-22,NA,NA,Nov,2022-23,B2C,Sale,KARNATAKA,NA,1,180,5, -   ,4.72,4.72,189.44,1.8
Meesho,NA,21-11-22,NA,NA,Nov,2022-23,B2C,Sale,RAJASTHAN,NA,1,271,5,13.58, -   , -   ,285.01,2.71
Meesho,NA,01-11-22,NA,NA,Nov,2022-23,B2C,Sale,MAHARASHTRA,NA,1,270,5,13.48, -   , -   ,283.00,2.7
Meesho,NA,11-11-22,NA,NA,Nov,2022-23,B2C,Sale,KARNATAKA,NA,1,185,18, -   ,18.46,18.46,221.67,1.85
Meesho,NA,16-11-22,NA,NA,Nov,2022-23,B2C,Sale,KARNATAKA,NA,1,266,5, -   ,6.86,6.86,279.43,2.66
Meesho,NA,06-11-22,NA,NA,Nov,2022-23,B2C,Sale,BIHAR,NA,1,206,18,37.08, -   , -   ,243.01,2.06
Meesho,NA,26-11-22,NA,NA,Nov,2022-23,B2C,Sale,KARNATAKA,NA,1,205,5, -   ,5.34,5.34,215.44,2.05
Meesho,NA,31-10-22,NA,NA,Nov,2022-23,B2C,Sale,MAHARASHTRA,NA,1,270,5,13.48, -   , -   ,283.00,2.7
Meesho,NA,26-11-22,NA,NA,Nov,2022-23,B2C,Sale,KARNATAKA,NA,1,205,5, -   ,5.34,5.34,215.44,2.05
Meesho,NA,23-11-22,NA,NA,Nov,2022-23,B2C,Sale,KARNATAKA,NA,1,263,5, -   ,6.79,6.79,276.44,2.63
Meesho,NA,19-11-22,NA,NA,Nov,2022-23,B2C,Sale,TAMIL NADU,NA,1,156,5,7.82, -   , -   ,164.01,1.56
Meesho,NA,02-11-22,NA,NA,Nov,2022-23,B2C,Sale,DELHI,NA,1,270,5,13.48, -   , -   ,283.00,2.7
Meesho,NA,28-11-22,NA,NA,Nov,2022-23,B2C,Sale,MADHYA PRADESH,NA,1,213,5,10.68, -   , -   ,224.01,2.13
Meesho,NA,31-10-22,NA,NA,Nov,2022-23,B2C,Sale,ODISHA,NA,1,270,5,13.48, -   , -   ,283.00,2.7
Amazon,IN-113,01-11-22,NA,NA,Nov,2022-23,B2C,Sale,MAHARASHTRA,NA,1,199,18,25.93, -   , -   ,225.08,1.99
Amazon,IN-115,02-11-22,NA,NA,Nov,2022-23,B2C,Sale,BIHAR,NA,1,253,18,35.69, -   , -   ,289.08,2.53
Amazon,IN-114,01-11-22,NA,NA,Nov,2022-23,B2C,Sale,KERALA,NA,1,165,18,19.83, -   , -   ,185.08,1.65
Amazon,IN-116,03-11-22,NA,NA,Nov,2022-23,B2C,Sale,MAHARASHTRA,NA,1,253,18,35.69, -   , -   ,289.08,2.53
Amazon,IN-117,04-11-22,NA,NA,Nov,2022-23,B2C,Sale,HARYANA,NA,1,253,18,35.69, -   , -   ,289.08,2.53
Amazon,IN-118,04-11-22,NA,NA,Nov,2022-23,B2C,Sale,MAHARASHTRA,NA,1,253,18,35.69, -   , -   ,289.08,2.53
Amazon,IN-122,05-11-22,NA,NA,Nov,2022-23,B2C,Sale,KERALA,NA,1,199,18,25.93, -   , -   ,225.08,1.99
Amazon,IN-123,05-11-22,NA,NA,Nov,2022-23,B2C,Sale,PUNJAB,NA,1,253,18,35.69, -   , -   ,289.08,2.53
Amazon,IN-121,05-11-22,NA,NA,Nov,2022-23,B2C,Sale,TAMIL NADU,NA,1,165,18,19.83, -   , -   ,185.08,1.65
Amazon,IN-120,05-11-22,NA,NA,Nov,2022-23,B2C,Sale,HIMACHAL PRADESH,NA,1,165,18,19.83, -   , -   ,185.08,1.65
Amazon,IN-128,07-11-22,NA,NA,Nov,2022-23,B2C,Sale,TELANGANA,NA,1,308,18,45.61, -   , -   ,354.08,3.08
Amazon,IN-119,05-11-22,NA,NA,Nov,2022-23,B2C,Sale,KARNATAKA,NA,1,165,18, -   ,9.92,9.92,185.08,1.65
Amazon,IN-126,06-11-22,NA,NA,Nov,2022-23,B2C,Sale,KARNATAKA,NA,1,254,18, -   ,17.92,17.92,290.08,2.54
Amazon,IN-125,06-11-22,NA,NA,Nov,2022-23,B2C,Sale,TELANGANA,NA,1,165,18,19.83, -   , -   ,185.08,1.65
Amazon,IN-124,05-11-22,NA,NA,Nov,2022-23,B2C,Sale,MADHYA PRADESH,NA,1,254,18,35.85, -   , -   ,290.08,2.54
Amazon,IN-127,07-11-22,NA,NA,Nov,2022-23,B2C,Sale,WEST BENGAL,NA,1,253,18,35.69, -   , -   ,289.08,2.53
Amazon,IN-133,13-11-22,NA,NA,Nov,2022-23,B2C,Sale,TELANGANA,NA,1,308,18,45.61, -   , -   ,354.08,3.08
Amazon,IN-129,12-11-22,NA,NA,Nov,2022-23,B2C,Sale,MAHARASHTRA,NA,1,165,18,19.83, -   , -   ,185.08,1.65
Amazon,IN-130,12-11-22,NA,NA,Nov,2022-23,B2C,Sale,JHARKHAND,NA,1,253,18,35.69, -   , -   ,289.08,2.53
Amazon,IN-131,12-11-22,NA,NA,Nov,2022-23,B2C,Sale,TAMIL NADU,NA,1,208,18,27.46, -   , -   ,235.08,2.08
Amazon,IN-132,12-11-22,NA,NA,Nov,2022-23,B2C,Sale,GUJARAT,NA,1,208,18,27.46, -   , -   ,235.08,2.08
Amazon,IN-136,14-11-22,NA,NA,Nov,2022-23,B2C,Sale,MAHARASHTRA,NA,1,285,5,11.14, -   , -   ,295.90,2.85
Amazon,IN-135,14-11-22,NA,NA,Nov,2022-23,B2C,Sale,MADHYA PRADESH,NA,1,233,5,8.57, -   , -   ,241.90,2.33
Amazon,IN-134,14-11-22,NA,NA,Nov,2022-23,B2C,Sale,UTTAR PRADESH,NA,1,140,18,15.25, -   , -   ,155.08,1.4
Amazon,IN-137,15-11-22,NA,NA,Nov,2022-23,B2C,Sale,ASSAM,NA,2,310,5,12.38, -   , -   ,321.90,3.1
Amazon,IN-139,15-11-22,NA,NA,Nov,2022-23,B2C,Sale,UTTAR PRADESH,NA,1,233,5,8.57, -   , -   ,241.90,2.33
Amazon,IN-141,15-11-22,NA,NA,Nov,2022-23,B2C,Sale,GUJARAT,NA,1,233,5,8.57, -   , -   ,241.90,2.33
Amazon,IN-138,15-11-22,NA,NA,Nov,2022-23,B2C,Sale,KARNATAKA,NA,1,186,5, -   ,3.1,3.1,191.90,1.86
Amazon,IN-143,16-11-22,NA,NA,Nov,2022-23,B2C,Sale,WEST BENGAL,NA,1,233,5,8.57, -   , -   ,241.90,2.33
Amazon,IN-142,16-11-22,NA,NA,Nov,2022-23,B2C,Sale,ASSAM,NA,1,251,5,9.48, -   , -   ,260.90,2.51
Amazon,IN-144,17-11-22,NA,NA,Nov,2022-23,B2C,Sale,MAHARASHTRA,NA,1,285,5,11.14, -   , -   ,295.90,2.85
Amazon,IN-147,17-11-22,NA,NA,Nov,2022-23,B2C,Sale,MAHARASHTRA,NA,1,233,5,8.57, -   , -   ,241.90,2.33
Amazon,IN-148,17-11-22,NA,NA,Nov,2022-23,B2C,Sale,UTTAR PRADESH,NA,1,285,5,11.14, -   , -   ,295.90,2.85
Amazon,IN-149,17-11-22,NA,NA,Nov,2022-23,B2C,Sale,TAMIL NADU,NA,1,233,5,8.57, -   , -   ,241.90,2.33
Amazon,IN-145,17-11-22,NA,NA,Nov,2022-23,B2C,Sale,UTTAR PRADESH,NA,1,233,5,8.57, -   , -   ,241.90,2.33
Amazon,IN-150,18-11-22,NA,NA,Nov,2022-23,B2C,Sale,MAHARASHTRA,NA,1,224,5,8.1, -   , -   ,231.90,2.24
Amazon,IN-151,18-11-22,NA,NA,Nov,2022-23,B2C,Sale,DELHI,NA,1,347,5,14.24, -   , -   ,360.90,3.47
Amazon,IN-153,20-11-22,NA,NA,Nov,2022-23,B2C,Sale,CHHATTISGARH,NA,1,347,5,14.24, -   , -   ,360.90,3.47
Amazon,IN-152,19-11-22,NA,NA,Nov,2022-23,B2C,Sale,PUNJAB,NA,1,233,5,8.57, -   , -   ,241.90,2.33
Amazon,IN-154,21-11-22,NA,NA,Nov,2022-23,B2C,Sale,HARYANA,NA,1,233,5,8.57, -   , -   ,241.90,2.33
Amazon,IN-155,23-11-22,NA,NA,Nov,2022-23,B2C,Sale,ODISHA,NA,1,347,5,14.24, -   , -   ,360.90,3.47
Amazon,IN-156,24-11-22,NA,NA,Nov,2022-23,B2C,Sale,ARUNACHAL PRADESH,NA,1,233,5,8.57, -   , -   ,241.90,2.33
Amazon,IN-157,28-11-22,NA,NA,Nov,2022-23,B2C,Sale,PUNJAB,NA,1,347,5,14.24, -   , -   ,360.90,3.47
Amazon,IN-159,28-11-22,NA,NA,Nov,2022-23,B2C,Sale,DELHI,NA,1,233,5,8.57, -   , -   ,241.90,2.33
Amazon,IN-158,28-11-22,NA,NA,Nov,2022-23,B2C,Sale,HIMACHAL PRADESH,NA,1,233,5,8.57, -   , -   ,241.90,2.33
Amazon,IN-160,29-11-22,NA,NA,Nov,2022-23,B2C,Sale,UTTAR PRADESH,NA,1,666,5,30.19, -   , -   ,695.90,6.66
Amazon,IN-161,30-11-22,NA,NA,Nov,2022-23,B2C,Sale,PUNJAB,NA,1,666,5,30.19, -   , -   ,695.90,6.66
Amazon,IN-109,31-10-22,NA,NA,Nov,2022-23,B2C,Sale,WEST BENGAL,NA,1,253,18,35.69, -   , -   ,289.08,2.53
Amazon,IN-112,31-10-22,NA,NA,Nov,2022-23,B2C,Sale,GUJARAT,NA,1,253,18,35.69, -   , -   ,289.08,2.53
Amazon,IN-106,29-10-22,NA,NA,Nov,2022-23,B2C,Sale,TELANGANA,NA,2,275,18,39.66, -   , -   ,315.08,2.75
Amazon,IN-110,31-10-22,NA,NA,Nov,2022-23,B2C,Sale,RAJASTHAN,NA,1,253,18,35.69, -   , -   ,289.08,2.53
Amazon,IN-111,31-10-22,NA,NA,Nov,2022-23,B2C,Sale,MADHYA PRADESH,NA,2,275,18,39.66, -   , -   ,315.08,2.75
Amazon,IN-146,17-11-22,NA,NA,Nov,2022-23,B2B,Sale,MAHARASHTRA,NA,1,171,5,8.57, -   , -   ,180.00,1.71
Glowroad,NA,23-11-22,NA,NA,Nov,2022-23,B2C,Sale,Kerala,NA,1,170,18,30.66,,,201.00,1.7
Amazon,IN-162,01-12-22,NA,NA,Dec,2022-23,B2C,Sale,HARYANA,NA,1,242,5,9, -   , -   ,250.90,2.42
Amazon,IN-163,02-12-22,NA,NA,Dec,2022-23,B2C,Sale,DELHI,NA,1,347,5,14.24, -   , -   ,360.90,3.47
Amazon,IN-164,04-12-22,NA,NA,Dec,2022-23,B2C,Sale,MAHARASHTRA,NA,1,347,5,14.24, -   , -   ,360.90,3.47
Amazon,IN-172,08-12-22,NA,NA,Dec,2022-23,B2C,Sale,KERALA,NA,1,242,5,9, -   , -   ,250.90,2.42
Amazon,IN-166,06-12-22,NA,NA,Dec,2022-23,B2C,Sale,HARYANA,NA,1,157,5,4.76, -   , -   ,161.90,1.57
Amazon,IN-165,06-12-22,NA,NA,Dec,2022-23,B2C,Sale,MAHARASHTRA,NA,1,157,5,4.76, -   , -   ,161.90,1.57
Amazon,IN-170,07-12-22,NA,NA,Dec,2022-23,B2C,Sale,HARYANA,NA,1,281,5,10.95, -   , -   ,291.90,2.81
Amazon,IN-171,08-12-22,NA,NA,Dec,2022-23,B2C,Sale,TAMIL NADU,NA,1,281,5,10.95, -   , -   ,291.90,2.81
Amazon,IN-169,07-12-22,NA,NA,Dec,2022-23,B2C,Sale,ANDHRA PRADESH,NA,1,281,5,10.95, -   , -   ,291.90,2.81
Amazon,IN-168,07-12-22,NA,NA,Dec,2022-23,B2C,Sale,TELANGANA,NA,1,281,5,10.95, -   , -   ,291.90,2.81
Amazon,IN-167,07-12-22,NA,NA,Dec,2022-23,B2C,Sale,UTTAR PRADESH,NA,2,500,5,21.9, -   , -   ,521.90,5
Amazon,IN-174,10-12-22,NA,NA,Dec,2022-23,B2C,Sale,TELANGANA,NA,1,242,5,9, -   , -   ,250.90,2.42
Amazon,IN-173,09-12-22,NA,NA,Dec,2022-23,B2C,Sale,CHHATTISGARH,NA,1,233,5,8.57, -   , -   ,241.90,2.33
Amazon,IN-176,11-12-22,NA,NA,Dec,2022-23,B2C,Sale,MAHARASHTRA,NA,1,224,5,8.1, -   , -   ,231.90,2.24
Amazon,IN-179,13-12-22,NA,NA,Dec,2022-23,B2C,Sale,UTTAR PRADESH,NA,1,251,5,9.48, -   , -   ,260.90,2.51
Amazon,IN-177,11-12-22,NA,NA,Dec,2022-23,B2C,Sale,TELANGANA,NA,1,186,5,6.19, -   , -   ,191.90,1.86
Amazon,IN-175,10-12-22,NA,NA,Dec,2022-23,B2C,Sale,WEST BENGAL,NA,1,214,5,7.62, -   , -   ,221.90,2.14
Amazon,IN-178,12-12-22,NA,NA,Dec,2022-23,B2C,Sale,KERALA,NA,1,242,5,9, -   , -   ,250.90,2.42
Amazon,IN-183,15-12-22,NA,NA,Dec,2022-23,B2C,Sale,UTTAR PRADESH,NA,1,233,5,8.57, -   , -   ,241.90,2.33
Amazon,IN-182,14-12-22,NA,NA,Dec,2022-23,B2C,Sale,DELHI,NA,1,233,5,8.57, -   , -   ,241.90,2.33
Amazon,IN-181,14-12-22,NA,NA,Dec,2022-23,B2C,Sale,ANDHRA PRADESH,NA,1,186,5,6.19, -   , -   ,191.90,1.86
Amazon,IN-184,16-12-22,NA,NA,Dec,2022-23,B2C,Sale,BIHAR,NA,1,242,5,9, -   , -   ,250.90,2.42
Amazon,IN-186,18-12-22,NA,NA,Dec,2022-23,B2C,Sale,TELANGANA,NA,1,233,5,8.57, -   , -   ,241.90,2.33
Amazon,IN-185,18-12-22,NA,NA,Dec,2022-23,B2C,Sale,HARYANA,NA,1,233,5,8.57, -   , -   ,241.90,2.33
Amazon,IN-189,19-12-22,NA,NA,Dec,2022-23,B2C,Sale,RAJASTHAN,NA,1,285,5,11.14, -   , -   ,295.90,2.85
Amazon,IN-187,19-12-22,NA,NA,Dec,2022-23,B2C,Sale,CHHATTISGARH,NA,1,224,5,8.1, -   , -   ,231.90,2.24
Amazon,IN-188,19-12-22,NA,NA,Dec,2022-23,B2C,Sale,MAHARASHTRA,NA,1,233,5,8.57, -   , -   ,241.90,2.33
Amazon,IN-190,20-12-22,NA,NA,Dec,2022-23,B2C,Sale,UTTAR PRADESH,NA,1,233,5,8.57, -   , -   ,241.90,2.33
Amazon,IN-192,21-12-22,NA,NA,Dec,2022-23,B2C,Sale,MAHARASHTRA,NA,1,224,5,8.1, -   , -   ,231.90,2.24
Amazon,IN-191,20-12-22,NA,NA,Dec,2022-23,B2C,Sale,HARYANA,NA,1,233,5,8.57, -   , -   ,241.90,2.33
Amazon,BLR8-3,24-12-22,NA,NA,Dec,2022-23,B2C,Sale,KARNATAKA,NA,1,237,5, -   ,5.93,5.93,249.00,2.37
Amazon,BLR8-4,26-12-22,NA,NA,Dec,2022-23,B2C,Sale,MAHARASHTRA,NA,1,237,5,11.86, -   , -   ,249.00,2.37
Amazon,IN-193,23-12-22,NA,NA,Dec,2022-23,B2C,Sale,DELHI,NA,1,233,5,8.57, -   , -   ,241.90,2.33
Amazon,IN-195,25-12-22,NA,NA,Dec,2022-23,B2C,Sale,DELHI,NA,1,233,5,8.57, -   , -   ,241.90,2.33
Amazon,IN-194,24-12-22,NA,NA,Dec,2022-23,B2C,Sale,ANDHRA PRADESH,NA,1,233,5,8.57, -   , -   ,241.90,2.33
Amazon,IN-196,26-12-22,NA,NA,Dec,2022-23,B2C,Sale,UTTARAKHAND,NA,1,233,5,8.57, -   , -   ,241.90,2.33
Amazon,IN-197,27-12-22,NA,NA,Dec,2022-23,B2C,Sale,UTTAR PRADESH,NA,1,233,5,8.57, -   , -   ,241.90,2.33
Amazon,IN-198,28-12-22,NA,NA,Dec,2022-23,B2C,Sale,CHHATTISGARH,NA,1,224,5,8.1, -   , -   ,231.90,2.24
Amazon,IN-199,29-12-22,NA,NA,Dec,2022-23,B2C,Sale,DELHI,NA,1,157,5,4.76, -   , -   ,161.90,1.57
Amazon,IN-200,30-12-22,NA,NA,Dec,2022-23,B2C,Sale,BIHAR,NA,1,157,5,4.76, -   , -   ,161.90,1.57
Amazon,IN-202,30-12-22,NA,NA,Dec,2022-23,B2C,Sale,UTTAR PRADESH,NA,1,233,5,8.57, -   , -   ,241.90,2.33
Amazon,IN-201,30-12-22,NA,NA,Dec,2022-23,B2C,Sale,JAMMU AND KASHMIR,NA,1,233,5,8.57, -   , -   ,241.90,2.33
Meesho,NA,01-12-22,NA,NA,Dec,2022-23,B2C,Sale,BIHAR,NA,1,270,5,13.48,,,283.00,2.7
Meesho,NA,30-11-22,NA,NA,Dec,2022-23,B2C,Sale,ANDHRA PRADESH,NA,1,148,5,7.82,,,155.44,1.48
Meesho,NA,13-12-22,NA,NA,Dec,2022-23,B2C,Sale,MADHYA PRADESH,NA,1,257,5,12.86,,,270.00,2.57
Meesho,NA,03-12-22,NA,NA,Dec,2022-23,B2C,Sale,MADHYA PRADESH,NA,1,190,5,9.48,,,199.00,1.9
Meesho,NA,29-12-22,NA,NA,Dec,2022-23,B2C,Sale,JAMMU AND KASHMIR,NA,1,219,5,10.96,,,230.01,2.19
Meesho,NA,18-12-22,NA,NA,Dec,2022-23,B2C,Sale,MEGHALAYA,NA,1,270,5,13.48,,,283.00,2.7
Meesho,NA,29-12-22,NA,NA,Dec,2022-23,B2C,Sale,KERALA,NA,1,261,5,13.48,,,274.43,2.61
Meesho,NA,25-12-22,NA,NA,Dec,2022-23,B2C,Sale,MAHARASHTRA,NA,1,189,5,9.44,,,198.01,1.89
Meesho,NA,19-12-22,NA,NA,Dec,2022-23,B2C,Sale,WEST BENGAL,NA,1,270,5,13.48,,,283.00,2.7
Meesho,NA,01-12-22,NA,NA,Dec,2022-23,B2C,Sale,GUJARAT,NA,1,270,5,13.48,,,283.00,2.7
Meesho,NA,09-12-22,NA,NA,Dec,2022-23,B2C,Sale,TRIPURA,NA,1,283,5,14.14,,,297.00,2.83
Meesho,NA,06-12-22,NA,NA,Dec,2022-23,B2C,Sale,RAJASTHAN,NA,1,184,5,9.2,,,193.01,1.84
Meesho,NA,18-12-22,NA,NA,Dec,2022-23,B2C,Sale,ANDHRA PRADESH,NA,1,275,5,13.76,,,289.00,2.75
Meesho,NA,17-12-22,NA,NA,Dec,2022-23,B2C,Sale,MAHARASHTRA,NA,1,270,5,13.48,,,283.00,2.7
Meesho,NA,05-12-22,NA,NA,Dec,2022-23,B2C,Sale,KARNATAKA,NA,1,221,18,,19.91,19.91,261.01,2.21
Meesho,NA,16-12-22,NA,NA,Dec,2022-23,B2C,Sale,ASSAM,NA,1,267,5,14.14,,,280.81,2.67
Meesho,NA,25-12-22,NA,NA,Dec,2022-23,B2C,Sale,MAHARASHTRA,NA,1,270,5,13.48,,,283.00,2.7
Meesho,NA,01-12-22,NA,NA,Dec,2022-23,B2C,Sale,ASSAM,NA,1,270,5,13.52,,,284.00,2.7
Meesho,NA,26-12-22,NA,NA,Dec,2022-23,B2C,Sale,UTTAR PRADESH,NA,1,270,5,13.48,,,283.00,2.7
Meesho,NA,10-12-22,NA,NA,Dec,2022-23,B2C,Sale,MAHARASHTRA,NA,1,257,5,12.86,,,270.00,2.57
Meesho,NA,02-12-22,NA,NA,Dec,2022-23,B2C,Sale,RAJASTHAN,NA,1,270,5,13.48,,,283.00,2.7
Meesho,NA,26-12-22,NA,NA,Dec,2022-23,B2C,Sale,MAHARASHTRA,NA,1,257,5,12.86,,,270.00,2.57
Meesho,NA,08-12-22,NA,NA,Dec,2022-23,B2C,Sale,UTTAR PRADESH,NA,1,213,5,10.68,,,224.01,2.13
Meesho,NA,02-12-22,NA,NA,Dec,2022-23,B2C,Sale,UTTARAKHAND,NA,1,257,5,12.86,,,270.00,2.57
Meesho,NA,22-12-22,NA,NA,Dec,2022-23,B2C,Sale,MAHARASHTRA,NA,1,249,5,12.86,,,261.43,2.49
Meesho,NA,23-12-22,NA,NA,Dec,2022-23,B2C,Sale,MAHARASHTRA,NA,1,270,5,13.48,,,283.00,2.7
Meesho,NA,06-12-22,NA,NA,Dec,2022-23,B2C,Sale,KARNATAKA,NA,1,261,5,,6.74,6.74,274.43,2.61
Meesho,NA,07-12-22,NA,NA,Dec,2022-23,B2C,Sale,ANDHRA PRADESH,NA,1,261,5,13.48,,,274.43,2.61
Meesho,NA,01-12-22,NA,NA,Dec,2022-23,B2C,Sale,ANDHRA PRADESH,NA,1,148,5,7.82,,,155.44,1.48
Meesho,NA,08-12-22,NA,NA,Dec,2022-23,B2C,Sale,TRIPURA,NA,1,283,5,14.14,,,297.00,2.83
Meesho,NA,11-12-22,NA,NA,Dec,2022-23,B2C,Sale,MANIPUR,NA,1,267,5,14.14,,,280.81,2.67
Meesho,NA,12-12-22,NA,NA,Dec,2022-23,B2C,Sale,PUNJAB,NA,1,270,5,13.48,,,283.00,2.7
Meesho,NA,20-12-22,NA,NA,Dec,2022-23,B2C,Sale,BIHAR,NA,1,270,5,13.48,,,283.00,2.7
Meesho,NA,19-12-22,NA,NA,Dec,2022-23,B2C,Sale,MAHARASHTRA,NA,1,163,5,8.86,,,171.72,1.63
Meesho,NA,11-12-22,NA,NA,Dec,2022-23,B2C,Sale,KERALA,NA,1,270,5,13.48,,,283.00,2.7
Meesho,NA,01-12-22,NA,NA,Dec,2022-23,B2C,Sale,KARNATAKA,NA,1,205,5,,5.34,5.34,215.44,2.05
Meesho,NA,10-12-22,NA,NA,Dec,2022-23,B2C,Sale,TELANGANA,NA,1,275,5,13.76,,,289.00,2.75
Meesho,NA,12-12-22,NA,NA,Dec,2022-23,B2C,Sale,RAJASTHAN,NA,1,270,5,13.48,,,283.00,2.7
Meesho,NA,03-12-22,NA,NA,Dec,2022-23,B2C,Sale,JAMMU AND KASHMIR,NA,1,170,5,8.48,,,178.00,1.7
Meesho,NA,27-12-22,NA,NA,Dec,2022-23,B2C,Sale,KARNATAKA,NA,1,180,5,,4.72,4.72,189.44,1.8
Meesho,NA,06-12-22,NA,NA,Dec,2022-23,B2C,Sale,GUJARAT,NA,1,257,5,12.86,,,270.00,2.57
Meesho,NA,19-12-22,NA,NA,Dec,2022-23,B2C,Sale,MAHARASHTRA,NA,1,257,5,12.86,,,270.00,2.57
Meesho,NA,18-12-22,NA,NA,Dec,2022-23,B2C,Sale,ANDHRA PRADESH,NA,1,145,5,7.24,,,152.00,1.45
Meesho,NA,17-12-22,NA,NA,Dec,2022-23,B2C,Sale,TAMIL NADU,NA,1,257,5,12.86,,,270.00,2.57
Meesho,NA,24-12-22,NA,NA,Dec,2022-23,B2C,Sale,MADHYA PRADESH,NA,1,253,5,13.48,,,266.81,2.53
Meesho,NA,04-12-22,NA,NA,Dec,2022-23,B2C,Sale,KARNATAKA,NA,1,192,5,,5.03,5.03,202.44,1.92
Meesho,NA,10-12-22,NA,NA,Dec,2022-23,B2C,Sale,GUJARAT,NA,1,199,12,23.9,,,223.01,1.99
Meesho,NA,23-12-22,NA,NA,Dec,2022-23,B2C,Sale,KARNATAKA,NA,1,261,5,,6.74,6.74,274.43,2.61
Meesho,NA,26-01-23,NA,NA,Jan,2022-23,B2C,Sale,MAHARASHTRA,NA,1,257,5,12.86,,,270.00,2.57
Meesho,NA,21-01-23,NA,NA,Jan,2022-23,B2C,Sale,ANDHRA PRADESH,NA,1,270,5,13.48,,,283.00,2.7
Meesho,NA,25-01-23,NA,NA,Jan,2022-23,B2C,Sale,RAJASTHAN,NA,1,243,5,12.86,,,255.72,2.43
Meesho,NA,15-01-23,NA,NA,Jan,2022-23,B2C,Sale,TELANGANA,NA,1,249,5,12.86,,,261.43,2.49
Meesho,NA,22-01-23,NA,NA,Jan,2022-23,B2C,Sale,MANIPUR,NA,1,283,5,14.14,,,297.00,2.83
Meesho,NA,02-01-23,NA,NA,Jan,2022-23,B2C,Sale,UTTAR PRADESH,NA,1,257,5,12.86,,,270.00,2.57
Meesho,NA,31-01-23,NA,NA,Jan,2022-23,B2C,Sale,UTTAR PRADESH,NA,1,270,5,13.48,,,283.00,2.7
Meesho,NA,08-01-23,NA,NA,Jan,2022-23,B2C,Sale,TRIPURA,NA,1,270,5,13.52,,,284.00,2.7
Meesho,NA,01-01-23,NA,NA,Jan,2022-23,B2C,Sale,UTTAR PRADESH,NA,1,255,5,13.48,,,268.72,2.55
Meesho,NA,24-01-23,NA,NA,Jan,2022-23,B2C,Sale,TAMIL NADU,NA,1,213,5,10.68,,,224.01,2.13
Meesho,NA,30-01-23,NA,NA,Jan,2022-23,B2C,Sale,BIHAR,NA,1,257,5,12.86,,,270.00,2.57
Meesho,NA,18-01-23,NA,NA,Jan,2022-23,B2C,Sale,TELANGANA,NA,1,275,5,13.76,,,289.00,2.75
Meesho,NA,27-01-23,NA,NA,Jan,2022-23,B2C,Sale,UTTAR PRADESH,NA,1,270,5,13.48,,,283.00,2.7
Meesho,NA,21-01-23,NA,NA,Jan,2022-23,B2C,Sale,CHANDIGARH,NA,1,270,5,13.48,,,283.00,2.7
Meesho,NA,02-01-23,NA,NA,Jan,2022-23,B2C,Sale,ANDHRA PRADESH,NA,1,261,5,13.48,,,274.43,2.61
Meesho,NA,05-01-23,NA,NA,Jan,2022-23,B2C,Sale,TELANGANA,NA,1,275,5,13.76,,,289.00,2.75
Meesho,NA,05-01-23,NA,NA,Jan,2022-23,B2C,Sale,UTTAR PRADESH,NA,1,257,5,12.86,,,270.00,2.57
Meesho,NA,08-01-23,NA,NA,Jan,2022-23,B2C,Sale,RAJASTHAN,NA,1,257,5,12.86,,,270.00,2.57
Meesho,NA,25-01-23,NA,NA,Jan,2022-23,B2C,Sale,UTTAR PRADESH,NA,1,188,5,9.38,,,197.00,1.88
Meesho,NA,21-01-23,NA,NA,Jan,2022-23,B2C,Sale,KARNATAKA,NA,1,247,5, -   ,6.74,6.74,260.15,2.47
Meesho,NA,02-01-23,NA,NA,Jan,2022-23,B2C,Sale,WEST BENGAL,NA,1,275,5,13.76,,,289.00,2.75
Meesho,NA,08-01-23,NA,NA,Jan,2022-23,B2C,Sale,KARNATAKA,NA,1,261,5, -   ,6.74,6.74,274.43,2.61
Meesho,NA,13-01-23,NA,NA,Jan,2022-23,B2C,Sale,ASSAM,NA,1,271,5,13.58,,,285.01,2.71
Meesho,NA,26-01-23,NA,NA,Jan,2022-23,B2C,Sale,JAMMU AND KASHMIR,NA,1,275,5,13.76,,,289.00,2.75
Meesho,NA,22-01-23,NA,NA,Jan,2022-23,B2C,Sale,KARNATAKA,NA,1,179,5, -   ,4.69,4.69,188.43,1.79
Meesho,NA,20-01-23,NA,NA,Jan,2022-23,B2C,Sale,KARNATAKA,NA,1,270,5, -   ,6.74,6.74,283.00,2.7
Meesho,NA,20-01-23,NA,NA,Jan,2022-23,B2C,Sale,ASSAM,NA,1,270,5,13.52,,,284.00,2.7
Meesho,NA,21-01-23,NA,NA,Jan,2022-23,B2C,Sale,KARNATAKA,NA,1,262,5, -   ,6.76,6.76,275.42,2.62
Meesho,NA,31-12-22,NA,NA,Jan,2022-23,B2C,Sale,ASSAM,NA,1,283,5,14.14,,,297.00,2.83
Meesho,NA,01-01-23,NA,NA,Jan,2022-23,B2C,Sale,UTTARAKHAND,NA,1,257,5,12.86,,,270.00,2.57
Meesho,NA,26-01-23,NA,NA,Jan,2022-23,B2C,Sale,MADHYA PRADESH,NA,1,188,5,9.38,,,197.00,1.88
Meesho,NA,02-01-23,NA,NA,Jan,2022-23,B2C,Sale,UTTAR PRADESH,NA,1,257,5,12.86,,,270.00,2.57
Meesho,NA,19-01-23,NA,NA,Jan,2022-23,B2C,Sale,WEST BENGAL,NA,1,270,5,13.48,,,283.00,2.7
Meesho,NA,11-01-23,NA,NA,Jan,2022-23,B2C,Sale,ODISHA,NA,1,189,5,9.44,,,198.01,1.89
Meesho,NA,31-12-22,NA,NA,Jan,2022-23,B2C,Sale,ASSAM,NA,1,275,5,13.76,,,289.00,2.75
Meesho,NA,08-01-23,NA,NA,Jan,2022-23,B2C,Sale,TELANGANA,NA,1,194,5,9.72,,,204.01,1.94
Meesho,NA,31-12-22,NA,NA,Jan,2022-23,B2C,Sale,WEST BENGAL,NA,1,257,5,12.86,,,270.00,2.57
Meesho,NA,29-01-23,NA,NA,Jan,2022-23,B2C,Sale,UTTARAKHAND,NA,1,257,5,12.86,,,270.00,2.57
Meesho,NA,14-01-23,NA,NA,Jan,2022-23,B2C,Sale,KERALA,NA,1,201,5,10.06,,,211.01,2.01
Meesho,NA,09-01-23,NA,NA,Jan,2022-23,B2C,Sale,GUJARAT,NA,1,270,5,13.48,,,283.00,2.7
Meesho,NA,12-01-23,NA,NA,Jan,2022-23,B2C,Sale,WEST BENGAL,NA,1,270,5,13.48,,,283.00,2.7
Meesho,NA,11-01-23,NA,NA,Jan,2022-23,B2C,Sale,BIHAR,NA,1,270,5,13.48,,,283.00,2.7
Meesho,NA,30-12-22,NA,NA,Jan,2022-23,B2C,Sale,ODISHA,NA,1,270,5,13.48,,,283.00,2.7
Meesho,NA,31-12-22,NA,NA,Jan,2022-23,B2C,Sale,ASSAM,NA,1,270,5,13.52,,,284.00,2.7
Meesho,NA,31-12-22,NA,NA,Jan,2022-23,B2C,Sale,TAMIL NADU,NA,1,270,5,13.48,,,283.00,2.7
Meesho,NA,02-01-23,NA,NA,Jan,2022-23,B2C,Sale,ASSAM,NA,1,283,5,14.14,,,297.00,2.83
Meesho,NA,13-01-23,NA,NA,Jan,2022-23,B2C,Sale,KARNATAKA,NA,1,170,5, -   ,4.45,4.45,178.42,1.7
Meesho,NA,28-01-23,NA,NA,Jan,2022-23,B2C,Sale,TELANGANA,NA,1,262,5,13.52,,,275.42,2.62
Meesho,NA,30-12-22,NA,NA,Jan,2022-23,B2C,Sale,GUJARAT,NA,1,275,5,13.76,,,289.00,2.75
Meesho,NA,26-01-23,NA,NA,Jan,2022-23,B2C,Sale,DELHI,NA,1,209,12,26.9,,,235.83,2.09
Meesho,NA,27-01-23,NA,NA,Jan,2022-23,B2C,Sale,KARNATAKA,NA,1,257,5, -   ,6.43,6.43,270.00,2.57
Meesho,NA,28-01-23,NA,NA,Jan,2022-23,B2C,Sale,MAHARASHTRA,NA,1,255,5,13.48,,,268.72,2.55
Meesho,NA,14-01-23,NA,NA,Jan,2022-23,B2C,Sale,BIHAR,NA,1,270,5,13.48,,,283.00,2.7
Meesho,NA,10-01-23,NA,NA,Jan,2022-23,B2C,Sale,TRIPURA,NA,1,270,5,13.52,,,284.00,2.7
Meesho,NA,16-01-23,NA,NA,Jan,2022-23,B2C,Sale,ANDHRA PRADESH,NA,1,261,5,13.48,,,274.43,2.61
Meesho,NA,06-01-23,NA,NA,Jan,2022-23,B2C,Sale,RAJASTHAN,NA,1,270,5,13.52,,,284.00,2.7
Meesho,NA,08-01-23,NA,NA,Jan,2022-23,B2C,Sale,RAJASTHAN,NA,1,257,5,12.86,,,270.00,2.57
Meesho,NA,08-01-23,NA,NA,Jan,2022-23,B2C,Sale,MAHARASHTRA,NA,1,270,5,13.48,,,283.00,2.7
Meesho,NA,20-01-23,NA,NA,Jan,2022-23,B2C,Sale,JHARKHAND,NA,1,213,5,10.68,,,224.01,2.13
Meesho,NA,27-01-23,NA,NA,Jan,2022-23,B2C,Sale,MAHARASHTRA,NA,1,189,5,9.44,,,198.01,1.89
Meesho,NA,30-01-23,NA,NA,Jan,2022-23,B2C,Sale,MANIPUR,NA,1,283,5,14.14,,,297.00,2.83
Meesho,NA,22-01-23,NA,NA,Jan,2022-23,B2C,Sale,ODISHA,NA,1,270,5,13.52,,,284.00,2.7
Meesho,NA,12-01-23,NA,NA,Jan,2022-23,B2C,Sale,MAHARASHTRA,NA,1,270,5,13.48,,,283.00,2.7
Meesho,NA,05-01-23,NA,NA,Jan,2022-23,B2C,Sale,MADHYA PRADESH,NA,1,257,5,12.86,,,270.00,2.57
Meesho,NA,04-01-23,NA,NA,Jan,2022-23,B2C,Sale,GUJARAT,NA,1,257,5,12.86,,,270.00,2.57
Meesho,NA,16-01-23,NA,NA,Jan,2022-23,B2C,Sale,JHARKHAND,NA,1,255,5,13.48,,,268.72,2.55
Meesho,NA,28-01-23,NA,NA,Jan,2022-23,B2C,Sale,KARNATAKA,NA,1,262,5, -   ,6.76,6.76,275.42,2.62
Meesho,NA,08-01-23,NA,NA,Jan,2022-23,B2C,Sale,ODISHA,NA,1,270,5,13.48,,,283.00,2.7
Meesho,NA,14-01-23,NA,NA,Jan,2022-23,B2C,Sale,MADHYA PRADESH,NA,1,257,5,12.86,,,270.00,2.57
Meesho,NA,30-01-23,NA,NA,Jan,2022-23,B2C,Sale,KARNATAKA,NA,1,270,5, -   ,6.74,6.74,283.00,2.7
Amazon,IN-203,01-01-23,NA,NA,Jan,2022-23,B2C,Sale,DELHI,NA,2,422,5,18, -   , -   ,439.90,4.22
Amazon,BLR8-5,02-01-23,NA,NA,Jan,2022-23,B2C,Sale,TELANGANA,NA,1,237,5,11.86, -   , -   ,249.00,2.37
Amazon,IN-204,01-01-23,NA,NA,Jan,2022-23,B2C,Sale,KARNATAKA,NA,1,233,5, -   ,4.29,4.29,241.90,2.33
Amazon,IN-207,02-01-23,NA,NA,Jan,2022-23,B2C,Sale,KARNATAKA,NA,1,224,5, -   ,4.05,4.05,231.90,2.24
Amazon,IN-205,02-01-23,NA,NA,Jan,2022-23,B2C,Sale,KARNATAKA,NA,1,233,5, -   ,4.29,4.29,241.90,2.33
Amazon,IN-206,02-01-23,NA,NA,Jan,2022-23,B2C,Sale,MAHARASHTRA,NA,1,233,5,8.57, -   , -   ,241.90,2.33
Amazon,IN-210,03-01-23,NA,NA,Jan,2022-23,B2C,Sale,TELANGANA,NA,1,233,5,8.57, -   , -   ,241.90,2.33
Amazon,IN-208,03-01-23,NA,NA,Jan,2022-23,B2C,Sale,MAHARASHTRA,NA,1,233,5,8.57, -   , -   ,241.90,2.33
Amazon,IN-209,03-01-23,NA,NA,Jan,2022-23,B2C,Sale,WEST BENGAL,NA,1,233,5,8.57, -   , -   ,241.90,2.33
Amazon,IN-211,03-01-23,NA,NA,Jan,2022-23,B2C,Sale,HARYANA,NA,1,233,5,8.57, -   , -   ,241.90,2.33
Amazon,IN-213,04-01-23,NA,NA,Jan,2022-23,B2C,Sale,GUJARAT,NA,1,233,5,8.57, -   , -   ,241.90,2.33
Amazon,IN-214,04-01-23,NA,NA,Jan,2022-23,B2C,Sale,MAHARASHTRA,NA,1,242,5,9, -   , -   ,250.90,2.42
Amazon,IN-215,05-01-23,NA,NA,Jan,2022-23,B2C,Sale,UTTAR PRADESH,NA,1,233,5,8.57, -   , -   ,241.90,2.33
Amazon,IN-217,05-01-23,NA,NA,Jan,2022-23,B2C,Sale,KARNATAKA,NA,1,233,5, -   ,4.29,4.29,241.90,2.33
Amazon,IN-216,05-01-23,NA,NA,Jan,2022-23,B2C,Sale,GUJARAT,NA,1,233,5,8.57, -   , -   ,241.90,2.33
Amazon,IN-218,05-01-23,NA,NA,Jan,2022-23,B2C,Sale,KERALA,NA,1,157,5,4.76, -   , -   ,161.90,1.57
Amazon,IN-221,06-01-23,NA,NA,Jan,2022-23,B2C,Sale,MAHARASHTRA,NA,1,233,5,8.57, -   , -   ,241.90,2.33
Amazon,IN-222,06-01-23,NA,NA,Jan,2022-23,B2C,Sale,KARNATAKA,NA,1,233,5, -   ,4.29,4.29,241.90,2.33
Amazon,IN-223,06-01-23,NA,NA,Jan,2022-23,B2C,Sale,MAHARASHTRA,NA,1,233,5,8.57, -   , -   ,241.90,2.33
Amazon,IN-219,05-01-23,NA,NA,Jan,2022-23,B2C,Sale,KERALA,NA,1,157,5,4.76, -   , -   ,161.90,1.57
Amazon,BLR8-6,09-01-23,NA,NA,Jan,2022-23,B2C,Sale,KERALA,NA,1,237,5,11.86, -   , -   ,249.00,2.37
Amazon,IN-226,10-01-23,NA,NA,Jan,2022-23,B2C,Sale,UTTARAKHAND,NA,1,242,5,9, -   , -   ,250.90,2.42
Amazon,IN-224,09-01-23,NA,NA,Jan,2022-23,B2C,Sale,JHARKHAND,NA,1,347,5,14.24, -   , -   ,360.90,3.47
Amazon,IN-225,10-01-23,NA,NA,Jan,2022-23,B2C,Sale,MAHARASHTRA,NA,1,233,5,8.57, -   , -   ,241.90,2.33
Amazon,IN-227,10-01-23,NA,NA,Jan,2022-23,B2C,Sale,WEST BENGAL,NA,1,233,5,8.57, -   , -   ,241.90,2.33
Amazon,IN-229,12-01-23,NA,NA,Jan,2022-23,B2C,Sale,TAMIL NADU,NA,1,233,5,8.57, -   , -   ,241.90,2.33
Amazon,IN-228,12-01-23,NA,NA,Jan,2022-23,B2C,Sale,TAMIL NADU,NA,1,233,5,8.57, -   , -   ,241.90,2.33
Amazon,IN-232,13-01-23,NA,NA,Jan,2022-23,B2C,Sale,KARNATAKA,NA,1,233,5, -   ,4.29,4.29,241.90,2.33
Amazon,IN-230,13-01-23,NA,NA,Jan,2022-23,B2C,Sale,KARNATAKA,NA,1,233,5, -   ,4.29,4.29,241.90,2.33
Amazon,IN-236,15-01-23,NA,NA,Jan,2022-23,B2C,Sale,PUNJAB,NA,1,233,5,8.57, -   , -   ,241.90,2.33
Amazon,IN-237,15-01-23,NA,NA,Jan,2022-23,B2C,Sale,KARNATAKA,NA,1,233,5, -   ,4.29,4.29,241.90,2.33
Amazon,IN-231,13-01-23,NA,NA,Jan,2022-23,B2C,Sale,HARYANA,NA,1,233,5,8.57, -   , -   ,241.90,2.33
Amazon,IN-238,16-01-23,NA,NA,Jan,2022-23,B2C,Sale,BIHAR,NA,1,214,5,7.62, -   , -   ,221.90,2.14
Amazon,IN-233,14-01-23,NA,NA,Jan,2022-23,B2C,Sale,KERALA,NA,1,157,5,4.76, -   , -   ,161.90,1.57
Amazon,IN-234,14-01-23,NA,NA,Jan,2022-23,B2C,Sale,UTTAR PRADESH,NA,1,380,5,15.9, -   , -   ,395.90,3.8
Amazon,IN-235,15-01-23,NA,NA,Jan,2022-23,B2C,Sale,MAHARASHTRA,NA,1,157,5,4.76, -   , -   ,161.90,1.57
Amazon,IN-239,16-01-23,NA,NA,Jan,2022-23,B2C,Sale,KARNATAKA,NA,1,242,5, -   ,4.5,4.5,250.90,2.42
Amazon,IN-243,17-01-23,NA,NA,Jan,2022-23,B2C,Sale,MAHARASHTRA,NA,1,233,5,8.57, -   , -   ,241.90,2.33
Amazon,IN-240,17-01-23,NA,NA,Jan,2022-23,B2C,Sale,KARNATAKA,NA,1,233,5, -   ,4.29,4.29,241.90,2.33
Amazon,IN-241,17-01-23,NA,NA,Jan,2022-23,B2C,Sale,TAMIL NADU,NA,1,186,5,6.19, -   , -   ,191.90,1.86
Amazon,IN-242,17-01-23,NA,NA,Jan,2022-23,B2C,Sale,DELHI,NA,1,233,5,8.57, -   , -   ,241.90,2.33
Amazon,IN-247,21-01-23,NA,NA,Jan,2022-23,B2C,Sale,MAHARASHTRA,NA,1,242,5,9, -   , -   ,250.90,2.42
Amazon,IN-244,19-01-23,NA,NA,Jan,2022-23,B2C,Sale,MAHARASHTRA,NA,1,285,5,11.14, -   , -   ,295.90,2.85
Amazon,IN-248,21-01-23,NA,NA,Jan,2022-23,B2C,Sale,PUNJAB,NA,1,157,5,4.76, -   , -   ,161.90,1.57
Amazon,IN-245,20-01-23,NA,NA,Jan,2022-23,B2C,Sale,UTTAR PRADESH,NA,1,233,5,8.57, -   , -   ,241.90,2.33
Amazon,IN-246,21-01-23,NA,NA,Jan,2022-23,B2C,Sale,RAJASTHAN,NA,1,233,5,8.57, -   , -   ,241.90,2.33
Amazon,IN-249,23-01-23,NA,NA,Jan,2022-23,B2C,Sale,KARNATAKA,NA,1,233,5, -   ,4.29,4.29,241.90,2.33
Amazon,IN-251,25-01-23,NA,NA,Jan,2022-23,B2C,Sale,GUJARAT,NA,1,233,5,8.57, -   , -   ,241.90,2.33
Amazon,IN-252,25-01-23,NA,NA,Jan,2022-23,B2C,Sale,GUJARAT,NA,1,224,5,8.1, -   , -   ,231.90,2.24
Amazon,IN-254,26-01-23,NA,NA,Jan,2022-23,B2C,Sale,UTTAR PRADESH,NA,1,233,5,8.57, -   , -   ,241.90,2.33
Amazon,IN-250,24-01-23,NA,NA,Jan,2022-23,B2C,Sale,ANDHRA PRADESH,NA,1,157,5,4.76, -   , -   ,161.90,1.57
Amazon,IN-253,26-01-23,NA,NA,Jan,2022-23,B2C,Sale,UTTAR PRADESH,NA,1,233,5,8.57, -   , -   ,241.90,2.33
Amazon,IN-257,30-01-23,NA,NA,Jan,2022-23,B2C,Sale,MAHARASHTRA,NA,1,233,5,8.57, -   , -   ,241.90,2.33
Amazon,IN-255,29-01-23,NA,NA,Jan,2022-23,B2C,Sale,MAHARASHTRA,NA,1,380,5,15.9, -   , -   ,395.90,3.8
Amazon,IN-256,30-01-23,NA,NA,Jan,2022-23,B2C,Sale,MAHARASHTRA,NA,1,224,5,8.1, -   , -   ,231.90,2.24
Amazon,BLR8-7,12-01-23,FUTURE PLUS ONLINE SALES PRIVATE LIMITED,NA,Jan,2022-23,B2B,Sale,PUNJAB,NA,1,237,5,11.86, -   , -   ,249.00,2.37
Amazon,BLR8-7,12-01-23,FUTURE PLUS ONLINE SALES PRIVATE LIMITED,NA,Jan,2022-23,B2B,Sale,PUNJAB,NA,1,237,5,11.86, -   , -   ,249.00,2.37
Amazon,IN-259,01-02-23,NA,NA,Feb,2022-23,B2C,Sale,MAHARASHTRA,NA,1,233,5,8.57, -   , -   ,241.90,2.33
Amazon,IN-258,01-02-23,NA,NA,Feb,2022-23,B2C,Sale,MAHARASHTRA,NA,1,285,5,11.14, -   , -   ,295.90,2.85
Amazon,IN-261,03-02-23,NA,NA,Feb,2022-23,B2C,Sale,MADHYA PRADESH,NA,1,224,5,8.1, -   , -   ,231.90,2.24
Amazon,IN-260,03-02-23,NA,NA,Feb,2022-23,B2C,Sale,MAHARASHTRA,NA,1,242,5,9, -   , -   ,250.90,2.42
Amazon,IN-267,05-02-23,NA,NA,Feb,2022-23,B2C,Sale,MAHARASHTRA,NA,1,224,5,8.1, -   , -   ,231.90,2.24
Amazon,IN-265,05-02-23,NA,NA,Feb,2022-23,B2C,Sale,MADHYA PRADESH,NA,1,233,5,8.57, -   , -   ,241.90,2.33
Amazon,IN-266,05-02-23,NA,NA,Feb,2022-23,B2C,Sale,MAHARASHTRA,NA,1,233,5,8.57, -   , -   ,241.90,2.33
Amazon,IN-262,04-02-23,NA,NA,Feb,2022-23,B2C,Sale,PUNJAB,NA,1,233,5,8.57, -   , -   ,241.90,2.33
Amazon,IN-263,04-02-23,NA,NA,Feb,2022-23,B2C,Sale,BIHAR,NA,1,443,5,19.05, -   , -   ,461.90,4.43
Amazon,IN-264,04-02-23,NA,NA,Feb,2022-23,B2C,Sale,MAHARASHTRA,NA,1,443,5,19.05, -   , -   ,461.90,4.43
Amazon,BLR8-8,09-02-23,NA,NA,Feb,2022-23,B2C,Sale,TELANGANA,NA,1,237,5,11.86, -   , -   ,249.00,2.37
Amazon,IN-268,07-02-23,NA,NA,Feb,2022-23,B2C,Sale,KARNATAKA,NA,1,443,5, -   ,9.52,9.52,461.90,4.43
Amazon,IN-270,07-02-23,NA,NA,Feb,2022-23,B2C,Sale,RAJASTHAN,NA,1,285,5,11.14, -   , -   ,295.90,2.85
Amazon,IN-269,07-02-23,NA,NA,Feb,2022-23,B2C,Sale,MEGHALAYA,NA,2,508,5,22.28, -   , -   ,529.90,5.08
Amazon,IN-271,08-02-23,NA,NA,Feb,2022-23,B2C,Sale,ODISHA,NA,2,576,5,25.72, -   , -   ,601.90,5.76
Amazon,IN-272,08-02-23,NA,NA,Feb,2022-23,B2C,Sale,MAHARASHTRA,NA,1,319,5,12.86, -   , -   ,331.90,3.19
Amazon,IN-274,09-02-23,NA,NA,Feb,2022-23,B2C,Sale,JAMMU AND KASHMIR,NA,1,233,5,8.57, -   , -   ,241.90,2.33
Amazon,IN-275,09-02-23,NA,NA,Feb,2022-23,B2C,Sale,JAMMU AND KASHMIR,NA,1,233,5,8.57, -   , -   ,241.90,2.33
Amazon,IN-276,09-02-23,NA,NA,Feb,2022-23,B2C,Sale,HIMACHAL PRADESH,NA,1,233,5,8.57, -   , -   ,241.90,2.33
Amazon,IN-273,09-02-23,NA,NA,Feb,2022-23,B2C,Sale,MANIPUR,NA,1,233,5,8.57, -   , -   ,241.90,2.33
Amazon,IN-280,10-02-23,NA,NA,Feb,2022-23,B2C,Sale,WEST BENGAL,NA,1,233,5,8.57, -   , -   ,241.90,2.33
Amazon,IN-282,10-02-23,NA,NA,Feb,2022-23,B2C,Sale,PUNJAB,NA,3,576,5,25.71, -   , -   ,601.91,5.76
Amazon,IN-278,10-02-23,NA,NA,Feb,2022-23,B2C,Sale,PUNJAB,NA,1,233,5,8.57, -   , -   ,241.90,2.33
Amazon,IN-277,09-02-23,NA,NA,Feb,2022-23,B2C,Sale,KARNATAKA,NA,1,285,5, -   ,5.57,5.57,295.90,2.85
Amazon,IN-281,10-02-23,NA,NA,Feb,2022-23,B2C,Sale,TELANGANA,NA,1,233,5,8.57, -   , -   ,241.90,2.33
Amazon,IN-279,10-02-23,NA,NA,Feb,2022-23,B2C,Sale,ASSAM,NA,1,319,5,12.86, -   , -   ,331.90,3.19
Amazon,IN-287,12-02-23,NA,NA,Feb,2022-23,B2C,Sale,HARYANA,NA,1,233,5,8.57, -   , -   ,241.90,2.33
Amazon,IN-289,12-02-23,NA,NA,Feb,2022-23,B2C,Sale,TELANGANA,NA,1,233,5,8.57, -   , -   ,241.90,2.33
Amazon,IN-288,12-02-23,NA,NA,Feb,2022-23,B2C,Sale,MAHARASHTRA,NA,1,233,5,8.57, -   , -   ,241.90,2.33
Amazon,IN-286,11-02-23,NA,NA,Feb,2022-23,B2C,Sale,MEGHALAYA,NA,1,443,5,19.05, -   , -   ,461.90,4.43
Amazon,IN-285,11-02-23,NA,NA,Feb,2022-23,B2C,Sale,GOA,NA,1,443,5,19.05, -   , -   ,461.90,4.43
Amazon,IN-292,13-02-23,NA,NA,Feb,2022-23,B2C,Sale,TELANGANA,NA,1,233,5,8.57, -   , -   ,241.90,2.33
Amazon,IN-295,13-02-23,NA,NA,Feb,2022-23,B2C,Sale,MAHARASHTRA,NA,1,233,5,8.57, -   , -   ,241.90,2.33
Amazon,IN-284,11-02-23,NA,NA,Feb,2022-23,B2C,Sale,KARNATAKA,NA,1,285,5, -   ,5.57,5.57,295.90,2.85
Amazon,IN-290,13-02-23,NA,NA,Feb,2022-23,B2C,Sale,MAHARASHTRA,NA,1,285,5,11.14, -   , -   ,295.90,2.85
Amazon,IN-291,13-02-23,NA,NA,Feb,2022-23,B2C,Sale,MAHARASHTRA,NA,1,285,5,11.14, -   , -   ,295.90,2.85
Amazon,IN-293,13-02-23,NA,NA,Feb,2022-23,B2C,Sale,TAMIL NADU,NA,1,285,5,11.14, -   , -   ,295.90,2.85
Amazon,IN-296,26-02-23,NA,NA,Feb,2022-23,B2C,Sale,PUNJAB,NA,1,285,5,11.14, -   , -   ,295.90,2.85
Meesho,NA,03-02-23,NA,NA,Feb,2022-23,B2C,Sale,MAHARASHTRA,NA,1,270,5,13.48,,,283.00,2.7
Meesho,NA,02-02-23,NA,NA,Feb,2022-23,B2C,Sale,UTTAR PRADESH,NA,1,270,5,13.48,,,283.00,2.7
Meesho,NA,03-02-23,NA,NA,Feb,2022-23,B2C,Sale,BIHAR,NA,1,270,5,13.48,,,283.00,2.7
Meesho,NA,15-02-23,NA,NA,Feb,2022-23,B2C,Sale,DELHI,NA,1,261,5,13.06,,,274.01,2.61
Meesho,NA,02-02-23,NA,NA,Feb,2022-23,B2C,Sale,CHHATTISGARH,NA,1,183,12,21.96,,,205.00,1.83
Meesho,NA,20-02-23,NA,NA,Feb,2022-23,B2C,Sale,MAHARASHTRA,NA,1,270,5,13.52,,,284.00,2.7
Meesho,NA,24-02-23,NA,NA,Feb,2022-23,B2C,Sale,GUJARAT,NA,1,270,5,13.52,,,284.00,2.7
Meesho,NA,11-02-23,NA,NA,Feb,2022-23,B2C,Sale,WEST BENGAL,NA,1,237,5,11.86,,,249.00,2.37
Meesho,NA,17-02-23,NA,NA,Feb,2022-23,B2C,Sale,MAHARASHTRA,NA,1,272,5,13.62,,,286.00,2.72
Meesho,NA,22-02-23,NA,NA,Feb,2022-23,B2C,Sale,UTTAR PRADESH,NA,1,258,5,12.9,,,271.00,2.58
Meesho,NA,14-02-23,NA,NA,Feb,2022-23,B2C,Sale,KARNATAKA,NA,1,263,5,,6.98,6.98,276.82,2.63
Meesho,NA,01-02-23,NA,NA,Feb,2022-23,B2C,Sale,GUJARAT,NA,1,239,5,11.96,,,251.01,2.39
Meesho,NA,03-02-23,NA,NA,Feb,2022-23,B2C,Sale,KARNATAKA,NA,1,261,5,,6.74,6.74,274.43,2.61
Meesho,NA,16-02-23,NA,NA,Feb,2022-23,B2C,Sale,UTTAR PRADESH,NA,1,189,5,9.44,,,198.01,1.89
Meesho,NA,02-02-23,NA,NA,Feb,2022-23,B2C,Sale,HIMACHAL PRADESH,NA,1,270,5,13.48,,,283.00,2.7
Meesho,NA,19-02-23,NA,NA,Feb,2022-23,B2C,Sale,MADHYA PRADESH,NA,1,213,5,10.68,,,224.01,2.13
Meesho,NA,21-02-23,NA,NA,Feb,2022-23,B2C,Sale,RAJASTHAN,NA,1,270,5,13.52,,,284.00,2.7
Meesho,NA,16-02-23,NA,NA,Feb,2022-23,B2C,Sale,TAMIL NADU,NA,1,188,5,9.38,,,197.00,1.88
Meesho,NA,18-02-23,NA,NA,Feb,2022-23,B2C,Sale,RAJASTHAN,NA,1,258,5,12.9,,,271.00,2.58
Meesho,NA,02-02-23,NA,NA,Feb,2022-23,B2C,Sale,KERALA,NA,1,224,12,26.9,,,251.01,2.24
Meesho,NA,05-02-23,NA,NA,Feb,2022-23,B2C,Sale,MADHYA PRADESH,NA,1,277,5,13.86,,,291.00,2.77
Meesho,NA,06-02-23,NA,NA,Feb,2022-23,B2C,Sale,TELANGANA,NA,1,275,5,13.76,,,289.00,2.75
Meesho,NA,18-02-23,NA,NA,Feb,2022-23,B2C,Sale,HIMACHAL PRADESH,NA,2,402,5,20.1,,,422.00,4.02
Meesho,NA,05-02-23,NA,NA,Feb,2022-23,B2C,Sale,UTTAR PRADESH,NA,1,270,5,13.48,,,283.00,2.7
Meesho,NA,25-02-23,NA,NA,Feb,2022-23,B2C,Sale,MADHYA PRADESH,NA,1,213,5,10.68,,,224.01,2.13
Meesho,NA,23-02-23,NA,NA,Feb,2022-23,B2C,Sale,MAHARASHTRA,NA,1,270,5,13.52,,,284.00,2.7
Meesho,NA,04-02-23,NA,NA,Feb,2022-23,B2C,Sale,UTTAR PRADESH,NA,1,243,5,12.86,,,255.72,2.43
Meesho,NA,22-02-23,NA,NA,Feb,2022-23,B2C,Sale,BIHAR,NA,1,258,5,12.9,,,271.00,2.58
Meesho,NA,03-02-23,NA,NA,Feb,2022-23,B2C,Sale,ASSAM,NA,1,283,5,14.14,,,297.00,2.83
Meesho,NA,19-02-23,NA,NA,Feb,2022-23,B2C,Sale,DELHI,NA,1,243,5,12.9,,,255.76,2.43
Meesho,NA,02-02-23,NA,NA,Feb,2022-23,B2C,Sale,UTTAR PRADESH,NA,1,164,5,8.86,,,172.67,1.64
Meesho,NA,17-02-23,NA,NA,Feb,2022-23,B2C,Sale,BIHAR,NA,1,270,5,13.52,,,284.00,2.7
Meesho,NA,02-02-23,NA,NA,Feb,2022-23,B2C,Sale,KERALA,NA,1,235,12,28.18,,,263.00,2.35
Meesho,NA,16-02-23,NA,NA,Feb,2022-23,B2C,Sale,MADHYA PRADESH,NA,1,188,5,9.38,,,197.00,1.88
Meesho,NA,11-02-23,NA,NA,Feb,2022-23,B2C,Sale,KARNATAKA,NA,1,265,5,,6.84,6.84,278.44,2.65
Meesho,NA,18-02-23,NA,NA,Feb,2022-23,B2C,Sale,MAHARASHTRA,NA,1,270,5,13.52,,,284.00,2.7
Meesho,NA,26-02-23,NA,NA,Feb,2022-23,B2C,Sale,WEST BENGAL,NA,1,270,5,13.52,,,284.00,2.7
Meesho,NA,08-02-23,NA,NA,Feb,2022-23,B2C,Sale,PUNJAB,NA,1,270,5,13.52,,,284.00,2.7
Meesho,NA,15-02-23,NA,NA,Feb,2022-23,B2C,Sale,BIHAR,NA,1,273,5,13.68,,,287.01,2.73
Meesho,NA,10-02-23,NA,NA,Feb,2022-23,B2C,Sale,MADHYA PRADESH,NA,1,284,5,14.2,,,298.01,2.84
Meesho,NA,26-02-23,NA,NA,Feb,2022-23,B2C,Sale,UTTAR PRADESH,NA,1,270,5,13.52,,,284.00,2.7
Meesho,NA,16-02-23,NA,NA,Feb,2022-23,B2C,Sale,ODISHA,NA,1,270,5,13.52,,,284.00,2.7
Meesho,NA,11-02-23,NA,NA,Feb,2022-23,B2C,Sale,MAHARASHTRA,NA,1,179,5,8.96,,,188.01,1.79
Meesho,NA,09-02-23,NA,NA,Feb,2022-23,B2C,Sale,ASSAM,NA,1,283,5,14.14,,,297.00,2.83
Meesho,NA,27-02-23,NA,NA,Feb,2022-23,B2C,Sale,TRIPURA,NA,1,284,5,14.2,,,298.01,2.84
Meesho,NA,08-02-23,NA,NA,Feb,2022-23,B2C,Sale,DELHI,NA,1,257,5,12.86,,,270.00,2.57
Meesho,NA,18-02-23,NA,NA,Feb,2022-23,B2C,Sale,UTTAR PRADESH,NA,1,201,5,10.06,,,211.01,2.01
Meesho,NA,17-02-23,NA,NA,Feb,2022-23,B2C,Sale,GUJARAT,NA,1,270,5,13.52,,,284.00,2.7
Meesho,NA,14-02-23,NA,NA,Feb,2022-23,B2C,Sale,KARNATAKA,NA,2,377,5,,9.86,9.86,396.86,3.77
Meesho,NA,02-02-23,NA,NA,Feb,2022-23,B2C,Sale,TAMIL NADU,NA,1,255,5,13.48,,,268.72,2.55
Meesho,NA,04-02-23,NA,NA,Feb,2022-23,B2C,Sale,UTTAR PRADESH,NA,1,270,5,13.48,,,283.00,2.7
Meesho,NA,08-02-23,NA,NA,Feb,2022-23,B2C,Sale,MAHARASHTRA,NA,1,257,5,12.86,,,270.00,2.57
Meesho,NA,19-02-23,NA,NA,Feb,2022-23,B2C,Sale,MAHARASHTRA,NA,1,270,5,13.52,,,284.00,2.7
Meesho,NA,14-02-23,NA,NA,Feb,2022-23,B2C,Sale,JHARKHAND,NA,1,257,5,13.68,,,270.82,2.57
Meesho,NA,13-02-23,NA,NA,Feb,2022-23,B2C,Sale,KERALA,NA,1,237,12,28.4,,,265.01,2.37
Meesho,NA,23-02-23,NA,NA,Feb,2022-23,B2C,Sale,UTTAR PRADESH,NA,1,258,5,12.9,,,271.00,2.58
Meesho,NA,10-02-23,NA,NA,Feb,2022-23,B2C,Sale,UTTAR PRADESH,NA,1,178,5,8.9,,,187.00,1.78
Meesho,NA,22-02-23,NA,NA,Feb,2022-23,B2C,Sale,UTTARAKHAND,NA,1,270,5,13.52,,,284.00,2.7
Meesho,NA,08-02-23,NA,NA,Feb,2022-23,B2C,Sale,DELHI,NA,1,257,5,12.86,,,270.00,2.57
